end_station_name,Count of ride_id
Streeter Dr & Grand Ave,63502
DuSable Lake Shore Dr & North Blvd,40061
DuSable Lake Shore Dr & Monroe St,39920
Michigan Ave & Oak St,36384
Kingsbury St & Kinzie St,35266
Clinton St & Washington Blvd,31267
Clark St & Elm St,31167
Millennium Park,31004
Clinton St & Madison St,30152
Wells St & Concord Ln,28294
Theater on the Lake,28232
Wells St & Elm St,26714
Dearborn St & Erie St,24554
Clinton St & Jackson Blvd,24488
State St & Chicago Ave,24051
Indiana Ave & Roosevelt Rd,23996
Shedd Aquarium,23761
Canal St & Madison St,23400
Wabash Ave & Grand Ave,23383
University Ave & 57th St,23091
Clark St & Armitage Ave,22695
Dusable Harbor,22673
Michigan Ave & Washington St,22558
Clark St & Lincoln Ave,22513
Wells St & Huron St,21079
Wells St & Hubbard St,21072
Broadway & Barry Ave,21039
Wilton Ave & Belmont Ave,20791
Daley Center Plaza,20774
New St & Illinois St,20552
LaSalle St & Illinois St,20476
Dearborn Pkwy & Delaware Pl,20317
Ellis Ave & 60th St,20317
Michigan Ave & Lake St,20145
Canal St & Adams St,20113
McClurg Ct & Ohio St,20030
Wabash Ave & Roosevelt Rd,19776
Halsted St & Fulton St,19070
Larrabee St & Kingsbury St,19015
DuSable Lake Shore Dr & Diversey Pkwy,18985
Desplaines St & Kinzie St,18836
Green St & Madison St,18415
Ellis Ave & 55th St,18181
Ashland Ave & Division St,18069
Michigan Ave & 8th St,17882
Sheffield Ave & Waveland Ave,17767
Sheffield Ave & Fullerton Ave,17700
Clinton St & Lake St,17679
Dearborn St & Monroe St,17673
Clark St & Wrightwood Ave,17607
Halsted St & Clybourn Ave,17501
Kingsbury St & Erie St,17318
Morgan St & Polk St,17207
Broadway & Waveland Ave,17160
Columbus Dr & Randolph St,17158
Orleans St & Merchandise Mart Plaza,17101
Montrose Harbor,17072
Broadway & Cornelia Ave,16749
Damen Ave & Pierce Ave,16695
Clark St & Drummond Pl,16617
Loomis St & Lexington St,16568
Clark St & Lake St,16539
Lincoln Ave & Fullerton Ave,16460
St. Clair St & Erie St,16174
Fairbanks Ct & Grand Ave,15993
Federal St & Polk St,15951
DuSable Lake Shore Dr & Belmont Ave,15882
Larrabee St & Webster Ave,15880
Pine Grove Ave & Waveland Ave,15820
Clark St & Newport St,15702
Clark St & Schiller St,15469
Lakeview Ave & Fullerton Pkwy,15356
LaSalle St & Jackson Blvd,15322
Franklin St & Jackson Blvd,15304
Wells St & Evergreen Ave,15201
DuSable Lake Shore Dr & Wellington Ave,15108
State St & Randolph St,15053
Peoria St & Jackson Blvd,15008
Ravenswood Ave & Lawrence Ave,14999
Southport Ave & Waveland Ave,14930
Adler Planetarium,14904
McClurg Ct & Erie St,14849
Halsted St & Polk St,14717
Franklin St & Lake St,14667
State St & 33rd St,14665
Southport Ave & Roscoe St,14526
Halsted St & Roscoe St,14461
Kimbark Ave & 53rd St,13950
Rush St & Cedar St,13941
State St & Kinzie St,13789
Rush St & Superior St,13594
Halsted St & Wrightwood Ave,13536
Stockton Dr & Wrightwood Ave,13532
Sheridan Rd & Irving Park Rd,13461
Aberdeen St & Jackson Blvd,13368
Mies van der Rohe Way & Chestnut St,13352
Franklin St & Illinois St,13261
Franklin St & Monroe St,13116
Sheffield Ave & Wellington Ave,13089
Sheffield Ave & Wrightwood Ave,12970
Sheffield Ave & Webster Ave,12959
Lincoln Park Conservatory,12958
Mies van der Rohe Way & Chicago Ave,12837
Broadway & Belmont Ave,12802
Bissell St & Armitage Ave*,12746
Wabash Ave & 9th St,12682
Wabash Ave & Wacker Pl,12615
Sedgwick St & Huron St,12592
MLK Jr Dr & 29th St,12514
Clarendon Ave & Gordon Ter,12397
Clark St & Wellington Ave,12375
Halsted St & Dickens Ave,12354
Michigan Ave & Jackson Blvd,12351
Milwaukee Ave & Grand Ave,12272
Pine Grove Ave & Irving Park Rd,12242
Cityfront Plaza Dr & Pioneer Ct,12158
Sedgwick St & North Ave,12007
Sheridan Rd & Montrose Ave,11960
Broadway & Sheridan Rd,11921
Sedgwick St & Webster Ave,11852
Clark St & Winnemac Ave,11780
Sheffield Ave & Kingsbury St,11698
Lakefront Trail & Bryn Mawr Ave,11647
Calumet Ave & 33rd St,11494
Morgan St & Lake St*,11399
Sangamon St & Lake St,11391
Desplaines St & Jackson Blvd,11376
Michigan Ave & 14th St,11373
Wood St & Milwaukee Ave,11341
Field Blvd & South Water St,11320
Ogden Ave & Chicago Ave,11232
900 W Harrison St,11210
Buckingham Fountain,11201
Clark St & North Ave,11140
Racine Ave & Fullerton Ave,11074
Wabash Ave & Adams St,10877
Aberdeen St & Randolph St,10842
Dayton St & North Ave,10734
Clark St & Chicago Ave,10682
Shore Dr & 55th St,10580
Canal St & Jackson Blvd,10563
Burling St & Diversey Pkwy,10542
Wells St & Randolph St,10540
Honore St & Division St,10527
Milwaukee Ave & Wabansia Ave,10506
Southport Ave & Wellington Ave,10468
Franklin St & Chicago Ave,10360
Broadway & Wilson Ave,10349
Wilton Ave & Diversey Pkwy,10324
Clark St & Grace St,10234
Elizabeth St & Randolph St,10200
Burnham Harbor,10186
Rush St & Hubbard St,10146
Michigan Ave & Madison St,10121
Damen Ave & Cortland St,10030
Clifton Ave & Armitage Ave,10026
May St & Taylor St,10004
Michigan Ave & Pearson St,9949
Franklin St & Adams St (Temp),9945
Canal St & Monroe St,9844
LaSalle Dr & Huron St,9824
Halsted St & Maxwell St,9789
Wells St & Polk St,9786
Ritchie Ct & Banks St,9781
Clarendon Ave & Junior Ter,9772
California Ave & Milwaukee Ave,9674
Wells St & Walton St,9652
Stetson Ave & South Water St,9574
Clark St & Berwyn Ave,9429
Racine Ave & Belmont Ave,9422
Damen Ave & Chicago Ave,9405
Lincoln Ave & Diversey Pkwy,9301
Southport Ave & Wrightwood Ave,9295
Field Museum,9206
Southport Ave & Belmont Ave,9113
Elston Ave & Cortland St,9110
Lincoln Ave & Melrose St,9104
Lake Park Ave & 56th St,9024
Woodlawn Ave & 55th St,8959
Dearborn St & Adams St,8935
Michigan Ave & 18th St,8891
Halsted St & Willow St,8817
Larrabee St & Division St,8773
Blackstone Ave & 59th St,8739
Kedzie Ave & Milwaukee Ave,8648
Sheridan Rd & Buena Ave,8568
Aberdeen St & Monroe St,8563
Green St & Randolph St*,8466
Wacker Dr & Washington St,8466
Clark St & Leland Ave,8383
Sheffield Ave & Willow St,8310
Calumet Ave & 18th St,8275
Carpenter St & Huron St,8275
Ogden Ave & Race Ave,8251
Woodlawn Ave & 58th St,8203
Greenview Ave & Fullerton Ave,8063
Ellis Ave & 58th St,8049
Orleans St & Hubbard St,8012
Western Ave & Winnebago Ave,7888
Green St & Washington Blvd,7887
Larrabee St & Oak St,7832
Wolcott Ave & Polk St,7811
Paulina St & Flournoy St,7760
Sangamon St & Washington Blvd,7716
Jefferson St & Monroe St,7694
Damen Ave & Division St,7670
Wabash Ave & 16th St,7590
Lincoln Ave & Roscoe St*,7476
Financial Pl & Ida B Wells Dr,7466
State St & Van Buren St,7443
Streeter Dr/Grand Ave,7410
Throop St & Taylor St,7392
State St & Pearson St,7333
Clark St & Ida B Wells Dr,7271
LaSalle St & Washington St,7254
Rhodes Ave & 32nd St,7212
Cornell Ave & Hyde Park Blvd,7145
Desplaines St & Randolph St,7143
Larrabee St & Armitage Ave,7141
Ada St & Washington Blvd,7051
Halsted St & Roosevelt Rd,7020
Eckhart Park,6950
Lakefront Trail & Wilson Ave,6950
State St & Harrison St,6908
McCormick Place,6905
Fairbanks St & Superior St,6888
Ashland Ave & Blackhawk St,6880
Damen Ave & Thomas St (Augusta Blvd),6801
Southport Ave & Irving Park Rd,6791
Orleans St & Chestnut St (NEXT Apts),6771
Wood St & Chicago Ave,6738
Clark St & Bryn Mawr Ave,6690
Southport Ave & Clybourn Ave,6660
Lake Park Ave & 53rd St,6583
Racine Ave & Wrightwood Ave,6481
Broadway & Argyle St,6480
Noble St & Milwaukee Ave,6476
Clinton St & Roosevelt Rd,6451
Broadway & Berwyn Ave,6360
Paulina Ave & North Ave,6333
Walsh Park,6277
Racine Ave & Congress Pkwy,6273
Michigan Ave & Ida B Wells Dr,6261
Ashland Ave & Wellington Ave,6227
Ashland Ave & Chicago Ave,6211
Cannon Dr & Fullerton Ave,6193
Marine Dr & Ainslie St,6180
Sheridan Rd & Argyle St,6018
University Ave & 59th St,6014
Clinton St & Tilden St,6004
Elizabeth St & Fulton St,5999
Clark St & Montrose Ave,5993
Western Ave & Leland Ave,5968
Broadway & Thorndale Ave,5954
Broadway & Granville Ave,5947
Racine Ave & 18th St,5943
Hermitage Ave & Polk St,5849
Clarendon Ave & Leland Ave,5825
Delano Ct & Roosevelt Rd,5759
Western Ave & Walton St,5754
Wells St & Institute Pl,5752
Larrabee St & North Ave,5746
Canal St & Taylor St,5724
Loomis St & Jackson Blvd,5719
Wentworth Ave & Cermak Rd*,5717
Ashland Ave & Grace St,5662
Winthrop Ave & Lawrence Ave,5586
Ashland Ave & Augusta Blvd,5555
Greenview Ave & Diversey Pkwy,5480
Sheridan Rd & Lawrence Ave,5473
Wood St & Augusta Blvd,5281
Damen Ave & Leland Ave,5269
Leavitt St & Armitage Ave,5222
Blue Island Ave & 18th St,5169
Lincoln Ave & Sunnyside Ave,5169
Ravenswood Ave & Irving Park Rd,5139
Dearborn St & Van Buren St,5084
Ellis Ave & 53rd St,5060
State St & 35th St,5058
Ashland Ave & Wrightwood Ave,5031
Orleans St & Elm St,5024
Morgan St & 18th St,5017
Wood St & Taylor St (Temp),5014
Sheridan Rd & Noyes St (NU),4996
Seeley Ave & Roscoe St,4995
Fort Dearborn Dr & 31st St*,4993
Racine Ave & Washington Blvd,4991
Wilton Ave & Diversey Pkwy*,4950
Blackstone Ave & Hyde Park Blvd,4893
LaSalle St & Adams St,4883
Broadway & Ridge Ave,4875
Emerald Ave & 31st St,4870
Larrabee St & Menomonee St,4862
Benson Ave & Church St,4855
Clark St & 9th St (AMLI),4830
Ashland Ave & Grand Ave,4818
California Ave & Cortez St,4792
Spaulding Ave & Armitage Ave,4754
Damen Ave & Charleston St,4736
Wolcott (Ravenswood) Ave & Montrose Ave,4725
Clybourn Ave & Division St,4720
Wentworth Ave & Cermak Rd,4705
Campbell Ave & North Ave,4696
Damen Ave & Grand Ave,4682
Leavitt St & Chicago Ave,4615
Western Ave & Division St,4535
Calumet Ave & 21st St,4533
Paulina St & Montrose Ave,4518
Chicago Ave & Sheridan Rd,4493
Logan Blvd & Elston Ave,4487
Lincoln Ave & Belle Plaine Ave,4426
Leavitt St & North Ave,4383
Drexel Ave & 60th St,4354
Damen Ave & Wellington Ave,4341
Shields Ave & 31st St,4310
Albany Ave & Bloomingdale Ave,4264
Stave St & Armitage Ave,4251
Ashland Ave & Lake St,4246
Griffin Museum of Science and Industry,4226
Indiana Ave & 31st St,4196
N Green St & W Lake St,4124
Wood St & Hubbard St,4109
Morgan Ave & 14th Pl,4080
Damen Ave & Clybourn Ave,4063
Humboldt Blvd & Armitage Ave,4024
Paulina St & 18th St,4015
Lincoln Ave & Byron St,3990
Sedgwick St & Schiller St,3964
Lincoln Ave & Waveland Ave,3916
Kedzie Ave & Palmer Ct,3910
Leavitt St & Belmont Ave,3899
Sheridan Rd & Loyola Ave,3883
Ravenswood Ave & Berteau Ave,3827
California Ave & Francis Pl,3778
Damen Ave & Melrose Ave,3733
Halsted St & 18th St,3725
Artesian Ave & Hubbard St,3696
Leavitt St & Division St,3687
Western Ave & Fillmore St,3621
California Ave & North Ave,3507
Glenwood Ave & Morse Ave,3507
Lincoln Ave & Addison St,3496
Racine Ave & Randolph St,3469
Wabash Ave & Cermak Rd,3465
Morgan St & 31st St,3439
Clark St & Lunt Ave,3411
Ashland Ave & 13th St,3378
Fort Dearborn Dr & 31st St,3375
California Ave & Division St,3369
Damen Ave & Sunnyside Ave,3365
Indiana Ave & 26th St,3337
California Ave & Montrose Ave,3316
Elston Ave & Wabansia Ave,3301
Damen Ave & Foster Ave,3261
Clark St & Elmdale Ave,3245
Milwaukee Ave & Rockwell St,3229
Ogden Ave & Congress Pkwy,3225
California Ave & Altgeld St,3204
Clinton St & 18th St,3152
Campbell Ave & Montrose Ave,3096
Wentworth Ave & 33rd St,3051
Leavitt St & Lawrence Ave,3037
Lake Park Ave & 35th St,3036
Winchester Ave & Elston Ave,2911
Shields Ave & 28th Pl,2904
Talman Ave & Addison St,2899
St. Louis Ave & Fullerton Ave,2880
Rockwell St & Eastwood Ave,2868
Sheridan Rd & Columbia Ave,2858
Canal St & Harrison St,2814
Racine Ave & 15th St,2813
Southport Ave & Clark St,2793
Greenview Ave & Jarvis Ave,2790
Damen Ave & Cullerton St,2760
Laflin St & Cullerton St,2685
Calumet Ave & 35th St,2653
Ashland Ave & Belle Plaine Ave,2644
State St & 19th St,2611
Western Ave & Roscoe St,2582
Clark St & Schreiber Ave,2566
May St & Cullerton St,2555
Halsted St & Archer Ave,2541
Wood St & Webster Ave,2539
W Armitage Ave & N Sheffield Ave,2530
Campbell Ave & Fullerton Ave,2520
California Ave & Fletcher St,2510
Richmond St & Diversey Ave,2480
Halsted St & 35th St,2451
California Ave & Byron St,2441
Western Ave & Congress Pkwy,2437
Claremont Ave & Hirsch St,2422
Kimball Ave & Belmont Ave,2412
Halsted St & 21st St,2406
Damen Ave & Madison St,2398
Oakley Ave & Irving Park Rd,2297
Washtenaw Ave & Lawrence Ave,2284
Emerald Ave & 28th St,2258
Central Park Ave & Elbridge Ave,2239
Avondale Ave & Irving Park Rd,2210
Troy St & Elston Ave,2208
Kedzie Ave & Leland Ave,2207
Clark St & Columbia Ave,2167
Wentworth Ave & 35th St,2137
Harper Ave & 59th St,2135
Smith Park,2117
Leavitt St/North Ave,2115
Leavitt St & Addison St,2101
Kosciuszko Park,2100
Glenwood Ave & Touhy Ave,2079
Lake Park Ave & 47th St,2077
Sheridan Rd & Greenleaf Ave,2071
Damen Ave & Wabansia Ave,2047
Greenwood Ave & 47th St,2039
Milwaukee Ave & Fullerton Ave,2030
Hoyne Ave & Balmoral Ave,2023
Wentworth Ave & 24th St,2019
Malcolm X College,1990
Wells St & 19th St,1981
Monticello Ave & Irving Park Rd,1945
Chicago Ave & Washington St,1940
Francisco Ave & Foster Ave,1940
Albany Ave & Montrose Ave,1934
University Library (NU),1899
Cherry Ave & Blackhawk St,1888
Wallace St & 35th St,1837
Central Park Ave & Bloomingdale Ave,1835
Avers Ave & Belmont Ave,1829
Winchester (Ravenswood) Ave & Balmoral Ave,1814
Damen Ave & Lake St,1800
Troy St & North Ave,1770
Paulina St & Howard St,1709
Lincoln Ave & Winona St,1654
Christiana Ave & Lawrence Ave,1650
Campbell Ave & Augusta Blvd,1646
Western Ave & Lunt Ave,1578
Ogden Ave & Roosevelt Rd,1554
N Carpenter St & W Lake St,1522
Drake Ave & Addison St,1512
Manor Ave & Leland Ave,1488
Woodlawn Ave & Lake Park Ave,1479
Spaulding Ave & Division St,1465
Damen Ave & Walnut (Lake) St,1431
Western Ave & Monroe St,1406
Racine Ave & 35th St,1356
Halsted St & North Branch St,1317
Normal Ave & Archer Ave,1300
MLK Jr Dr & Pershing Rd,1289
Western Ave & 21st St,1288
Clinton St & Polk St,1287
Hampden Ct & Diversey Ave,1254
Central St Metra,1243
63rd St Beach,1224
Sawyer Ave & Irving Park Rd,1214
South Shore Dr & 67th St,1212
Drake Ave & Montrose Ave,1199
Racine Ave & 13th St,1188
Loomis St & Archer Ave,1183
Eastlake Ter & Howard St,1179
Evanston Civic Center,1171
Clark St & Jarvis Ave,1157
Dorchester Ave & 49th St,1122
Dorchester Ave & 63rd St,1111
Museum of Science and Industry,1106
Warren Park West,1087
South Shore Dr & 71st St,1086
Prairie Ave & Garfield Blvd,1066
Keystone Ave & Montrose Ave,1055
Cottage Grove Ave & 63rd St,1046
Keystone Ave & Fullerton Ave,1018
McCormick Blvd & Devon Ave,1001
Cottage Grove Ave & 47th St,999
Rockwell St & Fletcher St,998
Bernard St & Elston Ave,997
Cottage Grove Ave & Oakwood Blvd,993
Western Ave & Howard St,993
Ashland Ave & Archer Ave,974
N Paulina St & Lincoln Ave,968
Cottage Grove Ave & 51st St,953
Knox Ave & Montrose Ave,926
Western Ave & Granville Ave,906
State St & 29th St,888
Elston Ave & George St,874
W Oakdale Ave & N Broadway,874
Kedzie Ave & Foster Ave,873
N Southport Ave & W Newport Ave,873
Central St & Girard Ave,858
St. Louis Ave & Balmoral Ave,855
California Ave & Granville Ave,816
Clark St & Touhy Ave,798
Cottage Grove Ave & 43rd St,798
Ridge Blvd & Touhy Ave,795
Francisco Ave & Chicago Ave,786
Damen Ave/Coulter St,784
Monticello Ave & Lawrence Ave,780
Dodge Ave & Church St,771
Kedzie Ave & Bryn Mawr Ave,756
Valli Produce - Evanston Plaza,752
Western Ave & Berteau Ave,740
Kilbourn Ave & Irving Park Rd,735
Lincoln Ave & Peterson Ave,728
Western Ave & Grace St,720
Warren Park East,716
Kedzie Ave & Chicago Ave,704
N Shore Channel Trail & Argyle St,701
Bosworth Ave & Howard St,692
Karlov Ave & Armitage Ave,682
Prairie Ave & 43rd St,667
Milwaukee Ave & Cuyler Ave,664
MLK Jr Dr & 47th St,661
Elmwood Ave & Austin St,660
Leavitt St & Archer Ave,660
Maplewood Ave & Peterson Ave,654
Central Park Ave & North Ave,651
Ridge Blvd & Howard St,650
California Ave & Lake St,648
Oakley Ave & Touhy Ave,632
Kildare Ave & Montrose Ave,625
Calumet Ave & 51st St,621
Wood St & 35th St,604
DuSable Museum,598
California Ave & 21st St,593
Halsted St & 37th St,583
Western Ave & 24th St,579
Kedzie Ave & George St,577
W Washington Blvd & N Peoria St,569
Kostner Ave & Wrightwood Ave,567
2112 W Peterson Ave,558
Sacramento Blvd & Franklin Blvd,548
Troy St & Grace St,536
Budlong Woods Library,534
Sacramento Blvd & Addison St,530
Francisco Ave & Montrose Ave,527
Kedzie Ave & Lake St,523
N Damen Ave & W Chicago Ave,523
Lincolnwood Dr & Central St,521
Richmond St & Lincoln Ave,521
Kedzie Ave & 48th Pl,518
Washtenaw Ave & Ogden Ave,514
Western Ave & Gunnison St,498
Dodge Ave & Mulford St,495
Dodge Ave & Main St,493
Pulaski Rd & 51st St,489
Conservatory Dr & Lake St,485
Francisco Ave & Bloomingdale Ave,474
Keeler Ave & Carmen Ave,471
Milwaukee Ave & Ainslie St,471
Kilbourn Ave & Milwaukee Ave,467
Cottage Grove Ave & 67th St,459
Archer (Damen) Ave & 37th St,455
Pulaski Rd & Eddy St,455
Central Park Ave & Ogden Ave,454
N Clark St & W Elm St,446
Public Rack - Washtenaw Ave & Superior St,446
Whipple/Irving Park,446
Ping Tom Park (East),441
Western Ave & Lake St,439
California Ave & Winona St,435
Elston Ave & Henderson St,434
St Louis Ave & Foster Ave,421
Stony Island Ave & 63rd St,417
Kedzie Ave & 21st St,415
Springfield Ave & North Ave,415
Western Blvd & 48th Pl,409
Karlov Ave & Lawrence Ave,384
Public Rack - Woodlawn Ave & 63rd St N,384
Fairfield Ave & Pratt Blvd,381
Kenosha Ave & Wellington Ave,372
Long & Irving Park,372
Hoyne Ave & 47th St,370
N Sheffield Ave & W Wellington Ave,369
Weekend Night Parking Area A,366
Kenneth Ave & Lawrence Ave,363
Narragansett Ave & Wrightwood Ave,362
Jeffery Blvd & 67th St,361
Lockwood Ave & Wrightwood Ave,360
Wrigley Events Parking Area,359
North Boundary Park,353
Public Rack - Christiana Ave & Belmont Ave,352
Wolcott Ave & Fargo Ave,349
Lincoln Ave & Balmoral Ave,346
Eberhart Ave & 61st St,345
Kilbourn Ave & Belden Ave,344
Central Park Ave & Ardmore Ave,342
Burnham Greenway & 112th St,336
Albany Ave & Belmont Ave,325
Kostner Ave & Bryn Mawr Ave,318
Rockwell St & Cermak Rd,318
California Ave & 23rd Pl,313
South Shore Dr & 74th St,308
Jeffery Blvd & 71st St,306
Big Marsh Park,305
Fairfield Ave & Roosevelt Rd,303
Kilbourn Ave & Roscoe St,301
Princeton Ave & 47th St,298
State St & 95th St,298
Damen Ave & Pershing Rd,296
Campbell Ave & Irving Park Rd,291
Kedvale Ave & Peterson Ave,287
Kilbourn Ave & Diversey Ave,287
Millard Ave & 26th St,286
Rainbow - Beach,281
Stony Island Ave & 67th St,281
Clark St & Randolph St,270
Milwaukee Ave & Agatite Ave,269
Lavergne Ave & Fullerton Ave,268
MLK Jr Dr & 56th St,267
Shields Ave & 43rd St,266
Dan Ryan Woods & 83rd St,265
Exchange Ave & 79th St,261
Laramie Ave & Irving Park Rd,261
Shabbona Park,258
Baltimore Ave & 87th St,254
MLK Jr Dr & 63rd St,253
Public Rack - Milwaukee Ave & Diversey Ave,253
Indiana Ave & 40th St,252
Kostner Ave & Devon Ave,249
California Ave & Touhy Ave,247
Washtenaw Ave & Peterson Ave,246
Public Rack - Racine Ave & 109th Pl,244
Stony Island Ave & 71st St,244
Cicero Ave & Wrightwood Ave,242
Calumet Park,233
Princeton Ave & Garfield Blvd,233
Halsted St & 47th Pl,228
Austin Blvd & Lake St,223
Chicago State University,223
California Ave & 26th St,220
State St & 54th St,219
Ashland Ave & Pershing Rd,218
Rockwell St & Archer Ave\t,217
Public Rack - Western Ave & Devon Ave,216
Perry Ave & 69th St,215
University Ave & 65th St,215
Menard Ave & Lawrence Ave,212
Long Ave & Belmont Ave,211
Public Rack - Hyde Park Blvd & 53rd St,208
Kostner Ave & Belmont Ave,206
Kedzie Ave & 57th St,205
Sacramento Ave & Lunt Ave,205
Artesian Ave & 55th St,201
Fairfield Ave & 44th St,201
Stony Island Ave & 75th St,200
Central Ave & Chicago Ave,198
Cottage Grove Ave & 83rd St,198
Leclaire Ave & Belmont Ave,198
Sacramento Ave & Pratt Blvd,198
Eggleston Ave & 69th St,197
Western Ave & 111th St,194
Cicero Ave & Roscoe Ave,192
Public Rack - Hamlin Ave & Montrose Ave,192
Lexington St & California Ave,189
Central Ave & Altgeld St,188
Kostner Ave & Adams St,188
Harlem Ave & Irving Park Rd,187
Halsted St & 51st St,186
Public Rack - Rockwell & Division,186
Walden Pkwy & 100th St,186
Ashland Ave & McDowell Ave,183
Public Rack - Kedzie Ave & Argyle St,183
Stony Island Ave & 64th St,183
Grace St & Cicero Ave,182
Midway Orange Line,182
Kildare Ave & North Ave,181
Public Rack - Haft Ave & Milwaukee Ave,181
May St & 69th St,180
Austin Blvd & Madison St,179
Hoyne Ave & 34th St,178
Ashland Ave & 50th St,177
Halsted St & 63rd St,177
Public Rack - California Ave & Cortez St,177
Meade Ave & Fullerton Ave,176
Tripp Ave & 65th St,174
Sacramento Blvd & Fulton Ave,173
Public Rack - Langley Ave & 49th St,172
Lawndale Ave & 30th St,171
Central Ave & Lake St,170
Loomis Blvd & 84th St,167
Union Ave & Root St,166
Linder Ave & Montrose Ave,165
Bernard St & Peterson Ave,162
Public Rack - Pulaski Rd & 44th St,162
Lawler Ave & 50th St,161
Artesian Ave & Marquette Rd,159
Kedzie Ave & Redfield Dr,159
Kilpatrick Ave & Grand Ave,159
Central Park & Augusta Blvd,157
Public Rack - Spaulding Ave & Evergreen Ave,156
Western Ave & Ardmore Ave,156
Lamon Ave & Armitage Ave,155
Lowell Ave & Armitage,154
Prospect Sq & 91st St,154
Marmora Ave & Irving Park Rd,152
Albany Ave & 26th St,151
Harding Ave & Division St,151
State St & 79th St,151
Virginia Ave & Catalpa Ave,151
Oak Park & Wellington,150
Lowell Ave & Armitage Ave,148
Washtenaw Ave & Polk St,147
St Louis Ave & Norman Bobbins Pl,146
Western Ave & 43rd St,146
Major Ave & Addison St,143
Loomis St & 89th St,142
State St & Pershing Rd,142
Francisco Ave & 47th St,141
Kedzie Ave & 24th St,141
Austin Blvd & Chicago Ave,140
Marshfield Ave & 44th St,140
Narragansett Ave & Montrose Ave,139
Public Rack - Monticello Ave & Belmont Ave,139
Public Rack - Washtenaw Ave & Devon Ave,139
Central Park Ave & 24th St,138
Commercial Ave & 130th St,136
Grace St & Central Ave,136
St Louis Ave & 59th St,136
Public Rack - Hyde Park Blvd & 55th St,135
Commercial Ave & 83rd St,134
Kedzie Ave & Harrison St,134
Komensky Ave & 31st St,133
Merrimac Park,133
Central Park Blvd & 5th Ave,132
Weekend Night Parking Area B,132
Narragansett Ave & School St,131
Harding Ave & 26th St,130
Sayre Ave & Diversey Ave,130
Laramie Ave & Addison St,129
Public Rack - Hamlin Ave & Fullerton Ave,129
Halsted St & 96th St,128
Pulaski Rd & 68th St,128
Kilpatrick Ave & Parker Ave,127
Wentworth Ave & 63rd St,127
Wood St & 33rd St,127
Yates Blvd & 75th St,127
Lavergne Ave & Lawrence Ave,126
Nordica Ave & Medill Ave,126
Public Rack - Hollywood Park,126
Western Ave & 104th St,126
Burnham Greenway & 105th St,125
Calumet Ave & 71st St,125
Pershing Rd & Sacramento Ave,125
Mason Ave & Grand Ave,123
MLK Jr Dr & 83rd St,123
Lockwood Ave & Grand Ave,122
Michigan Ave & 71st St,122
Central Ave & Madison St,121
Hale Ave & 107th St,121
Lawndale Ave & 111th St,121
Public Rack - Kostner Ave & Armitage Ave,121
Springfield Ave & 71st St,121
Ewing Ave & Burnham Greenway,120
Pulaski & Ann Lurie Pl,120
Halsted St & 111th St,119
California Ave & Marquette Rd,118
Mango Ave & Diversey Ave,118
Washtenaw Ave & Madison St,118
Avenue O & 118th St,116
California Ave & 41st St,116
Halsted St & 78th St,116
Public Rack - Cumberland & Catherine,115
Wabash Ave & 87th St,115
Harlem Ave & Bloomingdale Ave,114
Halsted St & 69th St,113
California Ave & Madison St,112
Kildare Ave & 26th St,111
Phillips Ave & 79th St,111
Rockwell St & 57th St,110
Central Park Ave & Washington Blvd,109
Morgan St & Pershing Rd,109
Central Ave & Wellington Ave,108
Houston Ave & 92nd St,107
Hamlin Ave & Grand Ave,106
Monticello Ave & Chicago Ave,106
Public Rack - Kedvale Ave & 63rd St W,106
Public Rack - Lawndale Ave & Diversey Ave,106
Kedzie Ave & 60th St,105
Knox Ave & Marquette Ave,105
Richmond St & 59th St,105
Oglesby Ave & 100th St,104
Dauphin Ave & 87th St,103
Central Ave & Parker Ave,101
Latrobe Ave & Chicago Ave,101
California & 16th St,100
Damen Ave & 87th St,100
Public Rack - Spaulding Ave & North Ave,100
Central Ave & Roscoe St,98
Halsted St & 56th St,98
Kedzie Ave & Roosevelt Rd,97
Narragansett Ave & McLean Ave,97
Vernon Ave & 79th St,97
21st St & Pulaski Rd,96
Cicero Ave & Lake St,96
Cottage Grove Ave & 111th Pl,96
Laramie Ave & Madison St,96
Kilbourn Ave & 49th St,95
Komensky Ave & 47th St,94
Mozart St & Jackson Blvd,94
Rockwell St & Archer Ave,94
Steelworkers Park,94
Meade Ave & Diversey Ave,92
Springfield Ave & 47th St,92
Western Ave & 28th St,92
Kostner Ave & 63rd St,91
Lawler Ave & North Ave,91
Harding Ave & 31st St,90
Public Rack - Drake Ave & Leland Ave,89
California Ave & 71st St,88
Central Park Ave & Douglas Blvd,88
Harding Ave & Chicago Ave,88
Kedzie Ave & Archer Ave,87
Pulaski Rd & Lake St,87
Albany Ave & Douglas Blvd,86
Public Rack - Austin Blvd & North Ave,86
Pulaski Rd & 54th St,86
Spaulding Ave & 16th St,86
Constance Ave & 95th St,85
Lamon Ave & Belmont Ave,84
Long Ave & Diversey Ave,84
Meade Ave & Addison St,84
Public Rack - Milwaukee Ave & Higgins Ave,84
Scottsdale Park,84
Racine Ave & Garfield Blvd,83
Vernon Ave & 75th St,83
Kildare Ave & 47th St,82
Damen Ave & 81st St,81
Karlov Ave & Madison St,81
Lamon Ave & Chicago Ave,81
Marquette Ave & 89th St,81
Public Rack - Throop St & 58th St,81
Wellington Ave & Mulligan Ave,81
Lavergne Ave & Diversey Ave,80
Vernon Ave & 107th St,80
Archer Ave & Homan Ave,79
Kedzie Ave & Jackson Blvd,79
Mango Ave & North Ave,79
Laramie Ave & Kinzie St,78
Lavergne Ave & Division St,78
Evans Ave & 75th St,77
Kildare Ave & 55th St,76
Public Rack - Milwaukee Ave & Haussen Ct,76
Summit Ave & 86th St,76
Kedzie Ave & 110th St,75
Kedzie Ave & 54th Pl,75
Peterson/Ridge Metra,75
Greenwood Ave & 79th St,74
Mulligan Ave & Archer Ave,74
Public Rack - Milwaukee Ave & Culyer Ave,74
Artesian Ave & 71st St,73
Long Ave & Belden Ave,73
Woodlawn Ave & 75th St,73
Kildare Ave & Division St,72
Narragansett & Wrightwood,72
Cicero Ave & Wellington Ave,71
Damen Ave & 59th St,71
Greenwood Ave & 91st St,71
Public Rack - Milwaukee Ave & Catalpa Ave,71
Avenue O & 134th St,70
Francisco Ave & 85th St,70
Laramie Ave & Gladys Ave,70
Public Rack - Olmstead Ave & Oliphant Ave,70
Central Park Ave & Ohio St,69
Kildare Ave & Chicago Ave,69
Public Rack - Kimbark Ave & 63rd St,69
Jeffery Blvd & 76th St,68
Orange Ave & Addison St,68
Public Rack - Kinzua Ave & Devon Ave,68
California Ave & 36th St,67
Eberhart Ave & 91st St,67
Public Rack - Jensen Park,67
Cicero Ave & Quincy St,66
Kedzie Ave & 66th Pl,66
Nagle Ave & Belmont Ave,66
Public Rack - Campbell Ave & Pratt Blvd,66
Doty Ave & 111th St,65
Hegewisch Metra Station,65
Public Rack - Wilbur Wright College South,65
Pulaski Rd & Congress Pkwy,65
Stewart Ave & 63rd St,65
Kedzie Ave & 52nd St,64
Public Rack - Holbrook St & Milwaukee Ave,64
Indiana Ave & 103rd St,63
Public Rack - Walden Pkwy & 103rd St,63
Damen Ave & 74th St,62
Kostner Ave & Lake St,62
La Villita Park,62
Public Rack - Lafayette Ave & 95th St,62
Seeley Ave & Garfield Blvd,62
State St & 76th St,62
Campbell Ave & 51st St,61
Public Rack - Avers & Lawrence,61
Elizabeth St & 47th St,60
Granville Ave & Pulaski Rd,60
Halsted St & 73rd St,60
Kedzie Ave & 73rd St,60
Pittsburgh Ave & Irving Park Rd,60
Ashland Ave & 66th St,59
Clyde Ave & 87th St,59
Kedzie Ave & 83rd St,59
Narragansett & Irving Park,59
Sacramento Ave & 25th St,59
Springfield Ave & 80th St,59
State St & 45th St,59
Mayfield Ave & Roosevelt Rd,58
MTV Hubbard St,58
Ellis Ave & 83rd St,57
Public Rack - Harold Washington Park,57
Public Rack - Irving Park Rd & Leclaire Ave,57
Public Rack - Rockwell Ave & Touhy Ave,57
Homan Ave & 26th St,56
Kenneth Ave & 50th St,56
Burley Ave & 85th St,55
Marshfield Ave & 59th St,55
Public Rack - Calumet Ave & 51st St,55
Public Rack - Penn Elementary School / KIPP Ascend Middle School,55
Public Rack - Pulaski Rd & Armitage Ave,55
Stewart Ave & 83rd St,55
Central Ave & Harrison St,54
Columbus Ave & 79th St,54
Cottage Grove Ave & 71st St,54
Public Rack - Forest Glen & Peterson,54
Public Rack - Lowell Ave & Elston Ave,54
Pulaski Rd & 84th St,54
Albany Ave & 16th St,53
Damen Ave & 51st St,53
Oketo Ave & Addison St,53
Halsted St & 59th St,52
Marmora Ave & Belmont Ave,52
Mozart St & 55th St,52
Public Rack - Kostner Ave & Diversey Ave,52
Weekend Night Parking Area D,52
Bradley Park,51
Cicero Ave & Flournoy St,51
East End Ave & 87th St,51
Harlem & Irving Park,51
Harlem Ave & Grace St,51
Public Rack - Milwaukee Ave & Kennedy Expy,51
Cottage Grove Ave & 78th St,50
Leamington Ave & Hirsch St,50
Public Rack - Keating & Peterson,50
Public Rack - Western Blvd & 49th St,50
Ashland Ave & Garfield Blvd,49
Ewing Ave & 106th St,49
Francisco Ave & Hollywood Ave,49
Maplewood Ave & 59th St,49
Mason Ave & Belmont Ave,49
Western Ave & 79th St,49
Public Rack - Avers Ave & Irving Park Rd,48
Central Park Ave & 66th St,47
Public Rack - Sawyer Ave & Lawrence Ave,47
Stony Island Ave & South Chicago Ave,47
Ashland Ave & 74th St,46
Elizabeth St & 92nd St,46
Major Taylor Trail & 115th St,46
Public Rack - Cicero Ave & Belle Plaine Ave,46
Public Rack - Lockwood & Archer,46
Public Rack - Milwaukee Ave & Lawrence Ave,46
Public Rack - Nagel & Higgins,46
Wabash Ave & 49th St,46
Public Rack - Hiawatha & Mendota,45
Public Rack - Natoma Ave & Bryn Mawr Ave,45
St Louis Ave & Norman Bobbins Ave,45
Weekend Night Parking Area C,45
Laramie Ave & Bloomingdale Ave,44
North Ave & New England Ave,44
Spaulding Ave & 63rd,44
St. Louis & 71st St,44
Tripp Ave & 31st St,44
Halsted St & 104th St,43
Homewood Ave & 115th St,43
Mason Ave & Montrose Ave,43
Public Rack - Evans Ave & 63rd St,43
Racine Ave & 57th St,43
Avers Ave & 16th St,42
Lawndale Ave & 16th St,42
Public Rack - Kilpatrick & Elston,42
Public Rack - Kimball Ave & Lawrence Ave,42
Ashland Ave & 78th St,41
Michigan Ave & 105th St,41
NEW HASTINGS,41
Phillips Ave & 83rd St,41
Public Rack - California Ave & Devon Ave - NE,41
Public Rack - Jonathan Y Scammon Public School,41
Public Rack - Nagle Ave & Belmont Ave,41
Wabash Ave & 59th St,41
Monitor Ave & Division St,40
Stony Island Ave & 82nd St,40
Public Rack - Central Ave & Lawrence Ave,39
Public Rack - Lavergne Ave & Belle Plaine Ave,39
Public Rack - Western Ave & 96th St,39
Lavergne Ave & 46th St,38
Public Rack - Jeffery Blvd & 67th St,38
Public Rack - Kenneth & Carmen,38
Public Rack - Lavergne & Lawrence,38
Public Rack - Menard Ave & Belmont Ave,38
Racine Ave & 61st St,38
Commercial Ave & 100th St,37
Komensky Ave & 55th St,37
Orange & Addison,37
Pine Ave & Division St,37
Ashland Ave & 63rd St,36
Dauphin Ave & 103rd St,36
Public Rack - Washington Park Ct & 51st St,36
Commercial Ave & 97th St,35
Paulina Ave & 87th St,35
Public Rack - Karlov Ave & Milwaukee Ave,35
Public Rack - Lawndale Ave & 23rd St,35
Public Rack - Midway Orange Line,35
Public Rack - Milwaukee Ave & Addison St,35
Public Rack - Springfield Ave & Lawrence Ave,35
Public Rack - Leamington & Elston,34
Wallace St & Pershing Rd,34
Public Rack - Keystone Ave & Irving Park Rd,33
Public Rack - Melvina & Foster,33
Sayre & Diversey,33
SCOOTERS CLASSIC - 2132 W Hubbard ST,33
Bennett Ave & 79th St,32
Greenwood Ave & 97th St,32
Hamlin Ave & 62nd Pl,32
Public Rack - Pulaski Rd & Fullerton Ave,32
Public Rack - Sacramento Ave & Devon Ave,32
Roscoe & Harlem,32
Tripp Ave & 15th St,32
Vincennes Ave & 104th St,32
Wabash Ave & 83rd St,32
Kedzie Ave & 104th St,31
Public Rack - Delphina & Foster,31
Public Rack - Milwaukee Ave & School St,31
Vincennes Ave & 75th St,31
Archer Ave & 43rd St,30
Kenton Ave & Madison St,30
Public Rack - Fullerton Ave & Narragansett Ave,30
Public Rack - King Dr & 115th St,30
Public Rack - Mango & Higgins,30
Public Rack - Prairie Ave & 47th St,30
Public Rack - Pulaski Rd & 65th St,30
Stony Island Ave & 90th St,30
Yates Blvd & 93rd St,30
Homan Ave & 65th St,29
Kildare Ave & Archer Ave,29
Major Taylor Trail & 124th St,29
Public Rack - Central & Leland,29
Public Rack - Komensky Ave & 59th St,29
Public Rack - Sawyer Ave & Bryn Mawr Ave - SE,29
Public Rack - St Louis Ave & Berteau Ave,29
Public Rack - Woodlawn Ave & 63rd St S,29
Rhodes Ave & 71st St,29
Columbus Ave & 83rd Pl,28
Fullerton & Monitor,28
Kildare & Cermak,28
Public Rack - 111th St - Morgan Park Metra,28
Public Rack - California Ave & Devon Ave - NW,28
Public Rack - Langley Ave & 105th Pl,28
Archer Ave & 49th St,27
Cicero Ave & Grace St,27
Lamon Ave & 47th St,27
Michigan Ave & 114th St,27
Public Rack - Kimball Ave & Carmen Ave,27
Public Rack - Peterson Ave & Milwaukee Ave,27
Public Rack - Pulaski & Rosemont,27
Baltimore Ave & 133rd St,26
Kedzie Ave & 38th St,26
Parkside Ave & Armitage Ave,26
Public Rack - Central Ave & Pensacola Ave,26
Public Rack - Parkside & Archer,26
Pulaski Rd & Ann Lurie Pl,26
Torrence Ave & 126th Pl,26
Whipple St & Roosevelt Rd,26
Carpenter St & 63rd St,25
Eggleston Ave & 92nd St,25
Homan Ave & Arthington Ave,25
Martin Luther King Dr & 111th St,25
Public Rack - Ashland Ave & 91st St,25
Public Rack - California Ave & Ogden Ave,25
Public Rack - Eli Whitney Public School,25
Public Rack - Harper Ave & 63rd St,25
Public Rack - Langley Ave & Oakwood Blvd,25
Public Rack - Lawrence Ave & Kimball Ave,25
Public Rack - Milwaukee Ave & Pensacola Ave,25
Public Rack - Wolcott Ave & 61st St,25
Hamilton Park,24
Kedzie Ave & 45th St,24
Kildare Ave & 85th St (Kostner Ave & 87th St TEMPORARY),24
Lockwood Ave and Grand Ave,24
Long Ave & North Ave,24
Public Rack - Cicero Ave & Wrightwood Ave,24
Public Rack - Cottage Grove & 86th St,24
Public Rack - Karlov Ave & Kamerling Ave,24
Public Rack - Lynch & Elston,24
Public Rack - N. Oakview and W. Gregory St,24
Public Rack - Nordica & Archer,24
Public Rack - Throop St & 109th Pl,24
South Chicago Ave & 83rd St,24
Torrence Ave & 106th St,24
Wentworth Ave & 104th St,24
Lexington & California Ave,23
Overhill Ave & Belmont Ave,23
Portage Park,23
Public Rack - Kostner & Peterson,23
Public Rack - Laramine Ave & Winnemac Ave,23
Public Rack - Lotus Ave & Lawrence Ave,23
Public Rack - Milwaukee Ave & Leland Ave,23
Pulaski Rd & 60th St,23
Lawndale Ave & 59th St,22
Oconto Ave & Belmont Ave,22
Public Rack - Austin Ave & Wrightwood Ave,22
Public Rack - Imlay & Milwaukee,22
Public Rack - Menard Ave & Dakin St - midblock,22
Eberhart Ave & 131st St,21
Kildare Ave & 85th St,21
Public Rack - 63rd Pl & Narraganssett Ave,21
Public Rack - Bryn Mawr Ave & Spaulding Ave,21
Public Rack - California Ave & Touhy Ave - NW,21
Public Rack - Ewing Ave & 101st St,21
Public Rack - Western Ave & 100th St,21
Throop St & 52nd St,21
Augusta Blvd & Laramie Ave,20
Homan Ave & Fillmore St,20
Panama Ave & Grace St,20
Public Rack - Kedzie Ave & Chicago Ave,20
Public Rack - Leader & Caldwell,20
Public Rack - Northwest Hwy & Bryn Mawr,20
Public Rack - Oglesby Ave & 95th St,20
Public Rack - Western Ave & 92nd Pl,20
Public Rack - Central Park Ave & Fillmore St,19
Public Rack - Kenton & Lawrence,19
Public Rack - Kimball & Ardmore,19
Public Rack - Nashotah & Northwest Hwy,19
Public Rack - Natoma Ave & 61st St,19
Public Rack - Newcastle & Archer,19
Public Rack - Racine Ave & 74th St,19
Public Rack - Western & 83rd,19
Public Rack - Western Ave & Jarvis Ave,19
W 103rd St & S Avers Ave,19
Damen Ave & 33rd St,18
Homan Ave & 77th St,18
Olive Harvey College,18
Public Rack - Greenwood Ave & Lake Park Ave,18
Public Rack - Jeffrey Blvd & 71st St,18
Public Rack - Kostner Ave & Wrightwood Ave,18
Public Rack - Mont Clare Ave & Higgins Ave,18
Public Rack - Ozark Ave & Addison St,18
Public Rack - Prairie Ave & Garfield Blvd N,18
Racine Ave & 65th St,18
Sacramento Blvd & Polk St,18
Wentworth Ave & 92nd St,18
Major Ave & Bloomingdale Ave,17
Narragansett & McLean,17
Public Rack - 532 E 43rd St,17
Public Rack - Garfield Park Conservatory,17
Public Rack - Halsted St & 63rd St,17
Public Rack - Spaulding Ave & Bryn Mawr Ave,17
Public Rack - State ST & 42nd St,17
Public Rack - Talman Ave & 51st St,17
Public Rack - Winona St & Elston Ave,17
St Louis Ave & 51st St,17
Menard Ave & North Ave,16
Public Rack - Christiana & Lincoln,16
Public Rack - Cicero Ave & Cortland St - midblock,16
Public Rack - Forest Glen Station,16
Public Rack - Forrestville Ave & 47th St,16
Public Rack - Kenton Ave & Palmer St,16
Public Rack - Kildare Ave & North Ave,16
Public Rack - Laramie Ave & Fullerton Ave,16
Public Rack - Laramie Ave & Grand Ave,16
Public Rack - Lockwood Ave & Diversey Ave,16
Public Rack - St Louis & Lincoln,16
Public Rack - Whipple St & 63rd St,16
Rockwell St & 47th St,16
S Michigan Ave & E 118th St,16
Wood St & 84th St,16
Public Rack - Cicero & 64th,15
Public Rack - Elston Ave & Kenneth Ave,15
Public Rack - Karlov Ave & Lawrence Ave,15
Public Rack - Keystone Ave & North Ave,15
Public Rack - Menard Ave & Grand Ave,15
Public Rack - Monticello & Lawrence,15
Public Rack - Western Ave & 47th Pl,15
State St & 123rd St,15
Grace & Cicero,14
Indiana Ave & 133rd St,14
Martin Luther King Dr & 87th St,14
Public Rack - Central & Prescott,14
Public Rack - Chase Ave & Touhy Ave - NE,14
Public Rack - Christiana Ave & Bryn Mawr Ave,14
Public Rack - Damen Ave & 47th St,14
Public Rack - Laramie Ave & Belmont Ave,14
Public Rack - Northwest Hwy & Neva Ave,14
Public Rack - Touhy Ave & Oconto Ave,14
S Aberdeen St & W 106th St,14
Shields Ave & 57th St,14
Avenue L & 114th St,13
Glenlake Ave & Pulaski Rd,13
Oriole Ave & Irving Park Rd,13
Public Rack - 4810 Keeler Ave,13
Public Rack - Avenue M & 132nd St,13
Public Rack - Avondale Ave & Addison St,13
Public Rack - Central Park & Bryn Mawr,13
Public Rack - Ewing Ave & Indianapolis Ave,13
Public Rack - Hamilton Ave & 95th St,13
Public Rack - Kedzie Ave & 60th St,13
Public Rack - Kostner & Bryn Mawr,13
Public Rack - Laramie Ave & Warwick Ave,13
Public Rack - Norwood Park Station,13
Public Rack - Peterson Ave & Drake Ave,13
Public Rack - Wentworth Park,13
Public Rack - Wood St & 47th St,13
Troy Ave & 27th St,13
Troy St & Jackson Blvd,13
Keeler Ave & Roosevelt Rd,12
Kilbourn & Belden,12
Mulligan Ave & Wellington Ave,12
Newcastle Ave & Irving Park Rd,12
Nordica & Medill,12
Public Rack - Cicero Ave & Roscoe St,12
Public Rack - Justine St & 87th St,12
Public Rack - Kedzie Ave & 58th St,12
Public Rack - King Dr & 71st St,12
Public Rack - Lowe Park,12
Public Rack - Milwaukee Ave & Warner Ave,12
Public Rack - Mobile Ave & Archer Ave,12
Public Rack - Odell & Talcott,12
Public Rack - Overhill Ave & Touhy Ave,12
Pulaski Rd & 21st St,12
S Wentworth Ave & W 111th St,12
Vincennes Ave & 79th St,12
Western Ave & 81st St,12
Altgeld Gardens,11
Public Rack - Bernard St & Foster Ave,11
Public Rack - Central Ave & George St,11
Public Rack - Chopin Park,11
Public Rack - Halsted St & 95th St - SE,11
Public Rack - Irving Park Rd & Austin Ave,11
Public Rack - Langley Ave & 79th St,11
Public Rack - Michele Clark Magnet High School,11
Public Rack - Normal Ave & 111th St,11
Public Rack - S. Kilpatrick and W. 79th,11
Public Rack - Sayer & Northwest Hwy,11
Rockwell St & 63rd St,11
Wentworth Ave & 107th St,11
Ada St & 113th St,10
Bloomingdale Ave & Harlem Ave,10
Commercial Ave & 90th St,10
Damen Ave & 77th St,10
Ewing Ave & 97th St,10
Plainfield & Irving Park,10
Princeton Ave & 95th St,10
Public Rack - Austin & Higgins,10
Public Rack - Bishop St & 46th St,10
Public Rack - Division St & Christiana Ave,10
Public Rack - Eberhart Ave & 61st St,10
Public Rack - Halsted St & 113th St,10
Public Rack - Houston Ave & 131st St,10
Public Rack - Longwood Dr & 95th St,10
Public Rack - Oketo Ave & Belmont Ave,10
Public Rack - S Menard & W 63rd,10
Public Rack - Sawyer Ave & Bryn Mawr Ave - SW,10
Public Rack - South Shore Dr & 71st St,10
South Chicago Ave & Elliot Ave,10
Western Ave & 62nd St,10
Burley Ave & 91st St,9
La Villita Park (Albany/30th),9
Manistee Ave & 95th St,9
Mozart St & 79th St,9
Public Rack - Austin Ave & Wellington Ave,9
Public Rack - Central Park & Peterson,9
Public Rack - Christiana Ave & Lawrence Ave,9
Public Rack - Halsted St & 111th St,9
Public Rack - Halsted St & 76th St,9
Public Rack - Hamlin Ave & Grand Ave,9
Public Rack - Kedvale Ave & 63rd St E,9
Public Rack - Kedvale Ave & Peterson Ave,9
Public Rack - Kedzie Ave & Archer Ave,9
Public Rack - Kedzie Ave & Walnut St,9
Public Rack - Martin Luther King Dr & 44th St,9
Public Rack - Melvina Ave & Belmont Ave,9
Public Rack - Melvina Ave & Montrose Ave,9
Public Rack - Neenah & Archer,9
Public Rack - Peterson Park,9
Public Rack - Richmond St & Thorndale Ave,9
Public Rack - Western Ave & 106th St - East,9
Public Rack - Western Ave & 110th St,9
California Ave & 29th St,8
Melvina Ave & Giddings Ave,8
Public Rack - 56th St & Mulligan Ave,8
Public Rack - Ashland Ave & 76th St,8
Public Rack - Brandon Ave & 91st St,8
Public Rack - Bryn Mawr Ave & Milwaukee Ave,8
Public Rack - Central Park Ave & Fulton Blvd,8
Public Rack - Champlain Ave & 65th St,8
Public Rack - Christiana Ave & Archer Ave,8
Public Rack - Cicero Ave & Altgeld St,8
Public Rack - Ewing Ave & 107th St,8
Public Rack - Exchange Ave & 73rd Pl,8
Public Rack - Irving Park Rd & Menard Ave,8
Public Rack - Kedzie Ave & 63rd St,8
Public Rack - Kedzie Ave & 64th St - SE,8
Public Rack - Linder & Elston,8
Public Rack - Michigan Ave & 107th St,8
Public Rack - Mulligan & Northwest Hwy,8
Public Rack - Narragansett Ave & Fullerton Ave,8
Public Rack - Neva Ave & Grand Ave,8
Public Rack - Norwood Park,8
Public Rack - Parkside & 63rd,8
Public Rack - Pulaski & Ardmore,8
Pulaski Rd & 60th Pl,8
Sacramento Ave & Pershing Rd,8
Public Rack - Ashland Ave & 71st St,7
Public Rack - Avenue J & 106th St,7
Public Rack - Avenue J & 112th St,7
Public Rack - Avers Ave & Ogden Ave,7
Public Rack - Harding Ave & 47th St,7
Public Rack - Homan Ave & 26th St,7
Public Rack - King Dr & Oakwood Blvd,7
Public Rack - Komensky Ave & 26th St,7
Public Rack - Lawndale Ave & Polk St,7
Public Rack - Leclaire Ave & Division St,7
Public Rack - Maplewood Ave & 47th St,7
Public Rack - Menard Ave & Adams Blvd,7
Public Rack - Neva & Foster,7
Public Rack - Pulaski Rd & Roosevelt Rd,7
Public Rack - Pulaski Rd & Stevens Ave,7
Public Rack - Spaulding Ave & Foster Ave,7
Public Rack - Stewart Ave & 123rd St,7
Public Rack - Wentworth Ave & 103rd St,7
Public Rack - Western Ave & 118th St,7
Woodlawn & 103rd,7
Mayfield & Roosevelt Rd,6
Public Rack - Ada St & 79th St,6
Public Rack - Archer Park,6
Public Rack - Buffalo Ave & 133rd St,6
Public Rack - California Ave & Touhy Ave - SW,6
Public Rack - Central & Berteau,6
Public Rack - Cicero & Rosemont,6
Public Rack - Cicero Ave & North Ave,6
Public Rack - Cottage Grove Ave & 92nd St,6
Public Rack - Elston Ave & Gunnison St,6
Public Rack - Ford City Mall,6
Public Rack - Francisco Ave & Touhy Ave,6
Public Rack - Halsted St & 80th St,6
Public Rack - Harriet E Sayre Public School,6
Public Rack - Harvey Ave & North Ave,6
Public Rack - Homan Ave & Roosevelt,6
Public Rack - Karlov Ave & 26th St,6
Public Rack - Linder & 51st,6
Public Rack - Loomis Blvd & 47th St,6
Public Rack - Minnehaha Ave & Devon Ave,6
Public Rack - Minuteman Park,6
Public Rack - N Narragansett Ave & Grand Ave,6
Public Rack - Neenah & Dakin,6
Public Rack - Perry Ave & 111th St,6
Public Rack - Prairie Ave & Garfield Blvd S,6
Public Rack - Pratt Ave & Odell Ave,6
Public Rack - Pullman - Walmart,6
Public Rack - Richard Daley College,6
Public Rack - Rutherford Ave & Belmont Ave,6
Public Rack - S Kostner Ave & W 18th Pl,6
Vincennes Ave & 95th St,6
Ewing Ave & 98th St,5
Halsted St & 93rd St,5
Lynch Ave & Elston Ave,5
Market Days Scooter Corral,5
Maryland Ave & 104th St,5
Menard Ave & Milwaukee Ave,5
Public Rack - 10101 S Stony Island Ave,5
Public Rack - Austin Ave & Roscoe St,5
Public Rack - Baltimore Ave & 133rd St,5
Public Rack - Canfield & Victoria,5
Public Rack - Central Ave & Adams St,5
Public Rack - Halsted St & 41st St,5
Public Rack - Hamlin Ave & Madison St,5
Public Rack - Harlem & Palatine,5
Public Rack - Hiawatha Ave & Minnehaha Ave,5
Public Rack - Hoyne Ave & 110th Pl,5
Public Rack - Irving Park Rd & Melvina Ave,5
Public Rack - Irving Park Rd & Parkside Ave,5
Public Rack - Kedzie & 103rd St - East,5
Public Rack - Kedzie Ave & 54th St - SE,5
Public Rack - Kildare Ave & Washignton Blvd,5
Public Rack - Kostner Ave & Lake St,5
Public Rack - Laflin St &51st ST,5
Public Rack - Leoti Ave & Central Ave (south),5
Public Rack - Linder Ave & Archer Ave,5
Public Rack - Lorel Ave & Grand Ave,5
Public Rack - Maplewood Ave & 63rd St,5
Public Rack - Marshfield Ave & 45th St,5
Public Rack - Meade Ave & Archer Ave,5
Public Rack - Menard Ave & Agusta Blvd,5
Public Rack - Milwaukee Ave & Sunnyside Ave,5
Public Rack - Montrose Ave & Lavergne Ave,5
Public Rack - Mozart Elementary School,5
Public Rack - Nina Ave & Avondale Ave,5
Public Rack - Nordica Ave & Addison St,5
Public Rack - Normal Blvd & 61st Pl,5
Public Rack - Oketo & Talcott,5
Public Rack - Ottowa Ave & Touhy Ave,5
Public Rack - Paxton Ave & 79th St,5
Public Rack - Princeton Ave & 43rd St,5
Public Rack - Tripp Ave & North Ave,5
Public Rack - Western Ave & 111th St - SW,5
Public Rack - William J Onahan Public School,5
Sacramento Ave & 51st St,5
Lavergne Ave & 44th St,4
Public Rack - 63rd St and Nagle Ave,4
Public Rack - 85th Pl & Pulaski Rd,4
Public Rack - Ashland Ave & 45th St  S,4
Public Rack - Avers & Granville,4
Public Rack - Brighton Park Branch Chicago Library,4
Public Rack - California Ave & Touhy Ave - midblock,4
Public Rack - Central Ave & Corcoran Pl,4
Public Rack - Central Ave & North Ave,4
Public Rack - Central Park Ave & Ogden Ave,4
Public Rack - Chappel Ave & 71st St,4
Public Rack - Commercial Ave & 89th St,4
Public Rack - Devon Ave & Central Ave,4
Public Rack - Emerald Ave & 43rd St,4
Public Rack - Emerald Ave & 45th St,4
Public Rack - Ewing Ave & 105th St,4
Public Rack - Ewing Ave & 106th St,4
Public Rack - Halsted St & 109th St,4
Public Rack - Halsted St & 94th St,4
Public Rack - Hamlin Ave & Chicago Ave,4
Public Rack - Hiawatha Park,4
Public Rack - Houston Ave & 130th St,4
Public Rack - Indiana Ave & 111th St,4
Public Rack - Jeffery Blvd & 83rd St,4
Public Rack - Kedzie Ave & 64th St - SW,4
Public Rack - Kedzie Ave & Pershing Rd,4
Public Rack - Kildare Ave & 63rd St,4
Public Rack - Lake Park Ave & 47th St,4
Public Rack - Lake Shore Dr & Hayes Dr,4
Public Rack - Lemont Ave & Keating Ave,4
Public Rack - Linder Ave & Belmont Ave,4
Public Rack - Lorel Ave & Chicago Ave,4
Public Rack - Marquette Ave & 83rd St,4
Public Rack - Marshfield Ave & 87th St,4
Public Rack - McVicker & 52nd,4
Public Rack - Milwaukee Ave & Waveland Ave,4
Public Rack - Mt Greenwood Library - South,4
Public Rack - Mulligan Ave & 56th St,4
Public Rack - Newcastle Ave & Belden Ave,4
Public Rack - Newcastle Ave & Wellington Ave,4
Public Rack - Normandy Ave & Archer Ave,4
Public Rack - Oak Park & Higgins,4
Public Rack - Octavia Ave & Touhy Ave,4
Public Rack - Ozanam Ave & Devon Ave,4
Public Rack - Peterson Ave & Bernard Ave,4
Public Rack - Piotrowski Park,4
Public Rack - Pulaski Rd & 15th St,4
Public Rack - Pulaski Rd & 41st,4
Public Rack - Pulaski Rd & Lake St,4
Public Rack - Racine Ave & 83rd St,4
Public Rack - Sawyer Ave & Chicago Ave,4
Public Rack - South Shore High School,4
Public Rack - Talman Ave & Pershing Rd,4
Public Rack - Vincennes Ave & 77th St,4
Public Rack - Wabash Ave & 87th St,4
Public Rack - Walden Pkwy & 99th St,4
Public Rack - Western Ave & 105th St,4
Public Rack - Wilbur Wright College North,4
Public Rack - Wood St & 103rd St,4
State St & 111th St,4
Stewart Ave & 123rd St,4
Ada St & 113th Place,3
Cumberland Ave & Catherine Ave,3
Halsted St & 123rd St,3
Menard Ave & Division St,3
Public Rack - 61st St & Melvina Ave,3
Public Rack - 63rd & Western Ave N,3
Public Rack - Abbott Park,3
Public Rack - Albany Ave & 103rd St,3
Public Rack - Albany Ave & 111th St - NW,3
Public Rack - Ashland Ave & 45th St,3
Public Rack - Austin Ave & Archer Ave,3
Public Rack - Ave N & 106th St,3
Public Rack - Avenue J & 102nd St,3
Public Rack - Back of the Yards Park,3
Public Rack - Calumet Ave & 103rd St,3
Public Rack - Cicero Ave & Le Moyne St - midblock,3
Public Rack - Cicero Ave & Wellington Ave,3
Public Rack - Colfax Ave & 83rd St,3
Public Rack - Crandon Ave & 80th St,3
Public Rack - Devon Ave & Kinzua Ave,3
Public Rack - Devon Ave & Minnehaha Ave (west),3
Public Rack - Elizabeth St & 115th St,3
Public Rack - Foster Ave & Drake Ave,3
Public Rack - Grand Ave & North Ave,3
Public Rack - Hale Ave & 111th St,3
Public Rack - Halsted St & 102nd St,3
Public Rack - Harlem & Summerdale,3
Public Rack - Harlem and W. 59th,3
Public Rack - Higgins Ave & Neva Ave,3
Public Rack - Houston Ave & 91st St,3
Public Rack - Independence Blvd & Roosevelt,3
Public Rack - Kedvale Ave & Addison St,3
Public Rack - Kedzie & 103rd St - W,3
Public Rack - Kedzie Ave & 54th St - SW,3
Public Rack - Kedzie Ave & Arthington St,3
Public Rack - Keeler Ave & 26th St,3
Public Rack - Komensky Ave & 63rd St,3
Public Rack - Kostner Ave & North Ave,3
Public Rack - Laflin St & 51st St,3
Public Rack - Laflin St & 79th St,3
Public Rack - Lake Park Ave & 44th St,3
Public Rack - Leland Ave & Melvina Ave,3
Public Rack - Leoti Ave & Central Ave (north),3
Public Rack - Linder Ave & 64th Pl,3
Public Rack - Mackinaw Ave & 85th St,3
Public Rack - Morgan St & 87th St,3
Public Rack - N Sayre Ave & W Belden Ave,3
Public Rack - Neola & Northwest Hwy,3
Public Rack - Oak Park Ave & Foster Ave,3
Public Rack - Ozman & Talcott,3
Public Rack - Panama Ave & Forest Preserve Ave,3
Public Rack - Plainfield Ave & Irving Park Rd,3
Public Rack - Pulaski & 52nd,3
Public Rack - Pulaski Rd & 51st Rd,3
Public Rack - Robert Fulton Elementary School,3
Public Rack - Rutherford & 53rd,3
Public Rack - S. New England/ W. 65th,3
Public Rack - Sangamon St & 79th St,3
Public Rack - Sangamon St & 87th St,3
"Public Rack - Senka ""Edward Duke"" Park",3
Public Rack - St Louis Ave & Flournoy St,3
Public Rack - State St & 47th st,3
Public Rack - Throop St & 48t ST,3
Public Rack - Western Ave & 104th St - East,3
Public Rack - Western Ave & 107th St,3
Public Rack - Western Ave & 111th St - NW,3
Public Rack - Western Blvd & 52nd St,3
Public Rack - Western Blvd & 53rd St,3
Spaulding Ave & 16th,3
Throop St & 99th St,3
Vincennes Ave & 107th St,3
Aberdeen St & 103rd St,2
Base - 2132 W Hubbard,2
Farragut Ave & Central Ave,2
Halsted St & 83rd St,2
Laflin St & 115th St,2
Michigan Ave & 108th St,2
Michigan Ave & 113th St,2
Narragansett Ave & North Ave,2
Public Rack - 10557 S Western Ave,2
Public Rack - 2302 S Pulaski Rd,2
Public Rack - Ada St & 117th St,2
Public Rack - Ada St & 95th St,2
Public Rack - Aida Food Market,2
Public Rack - Al Raby School,2
Public Rack - Albany Ave & 63rd St,2
Public Rack - Ashland Ave & 46th St,2
Public Rack - Ashland Ave & 63rd St,2
Public Rack - Ashland Ave & 73rd St,2
Public Rack - Ashland Ave & 83rd St,2
Public Rack - Austin Branch Chicago Public Library,2
Public Rack - Avers Ave & Archer Ave,2
Public Rack - Baltimore Ave & 132nd St,2
Public Rack - Buffalo Ave & 89th St,2
Public Rack - California Ave & Pershing Rd,2
Public Rack - Calumet Ave & 71st St,2
Public Rack - Calumet Ave & Garfield Blvd,2
Public Rack - Canty Elementary School,2
Public Rack - Central Ave & Congress Pkwy,2
Public Rack - Central Park Ave & 16th St,2
Public Rack - Chase Ave & Touhy Ave - NW,2
Public Rack - Christiana Ave & 55th St,2
Public Rack - Cottage Grove & 84th St,2
Public Rack - Cottage Grove & 85th St,2
Public Rack - Cottage Grove Ave & 98th St,2
Public Rack - Devon Ave & Minnehaha Ave (east),2
Public Rack - East End Ave & 87th St,2
Public Rack - Eggleston Ave & 114th St,2
Public Rack - Eggleston Ave & 115th St,2
Public Rack - Ewing Ave & 99th St,2
Public Rack - Fairfield Ave & 63rd St,2
Public Rack - Franklin Park,2
Public Rack - Halsted St & 64th St,2
Public Rack - Halsted St & 77th St,2
Public Rack - Halsted St & 95th St - SW,2
Public Rack - Harvard Ave & 103rd St,2
Public Rack - Hermitage & 83rd St,2
Public Rack - Homan Ave & 62nd Pl,2
Public Rack - Honore St & 87th St - SE,2
Public Rack - Hoyne Ave & 51st St,2
Public Rack - Ingleside Ave & 79th St,2
Public Rack - Jeffery Blvd & 81st St,2
Public Rack - Kedvale Ave & Avondale Ave,2
Public Rack - Kedzie Ave & 61st Pl E,2
Public Rack - Kedzie Ave & 61st Pl W,2
Public Rack - Kedzie Ave & 62nd Pl,2
Public Rack - Keeler Ave & Madison St S,2
Public Rack - Kenneth Ave & 63rd St E,2
Public Rack - Kenneth Ave & 63rd St W,2
Public Rack - Kildare Ave & Division Ave,2
Public Rack - Kingston Ave & 75th St,2
Public Rack - Kolin Ave & Archer Ave,2
Public Rack - La Moyne Ave and Leamington Ave,2
Public Rack - Lafayette Ave & 87th St - NW,2
Public Rack - Lamon Ave & Archer Ave,2
Public Rack - Latrobe Ave & Lake St,2
Public Rack - Lawndale Ave & Roosevelt,2
Public Rack - Legler Regional Library,2
Public Rack - Linder Ave & 51st St,2
Public Rack - Lotus Ave & Harrison St,2
Public Rack - Lowe Ave & 94th St,2
Public Rack - Mackinaw Ave & 106th St,2
Public Rack - Marquette Ave & 79th St,2
Public Rack - Martin Luther King Dr & 69th St,2
Public Rack - Mason & Archer,2
Public Rack - Mason Ave & Roosevelt Rd,2
Public Rack - May St & 87th St,2
Public Rack - McCormick Blvd & Devon Ave,2
Public Rack - McVicker Ave & Grand Ave,2
Public Rack - Menard Ave & Madison St,2
Public Rack - Miami Ave & Milwaukee Ave,2
Public Rack - Michigan Ave & 102nd St,2
Public Rack - Michigan Ave & 119th St,2
Public Rack - Michigan Ave & 121st St,2
Public Rack - Michigan Ave & 96th St,2
Public Rack - Muskegon Ave & 89th St,2
Public Rack - Newland Ave & Diversey Ave,2
Public Rack - Nordica Ave & Higgins Ave,2
Public Rack - Northwest Hwy & Raven St,2
Public Rack - Oglesby Ave & 105th St,2
Public Rack - Oleander Ave & Addison St,2
Public Rack - Parkside & Elston,2
Public Rack - Parnell Ave & 98th St,2
Public Rack - Paul Revere Elementary School,2
Public Rack - Princeton Ave & 103rd Pl,2
Public Rack - Pulaski Rd & 40th St,2
Public Rack - Pulaski Rd & Grenshaw St,2
Public Rack - Pulaski Rd & Lexington St,2
Public Rack - Pulaski Rd & Polk St,2
Public Rack - Pullman - Planet Fitness,2
Public Rack - Pullman - Ross Dress for Less,2
Public Rack - Pullman Community Center,2
Public Rack - Roswell B. Mason Elementary School,2
Public Rack - Sayre Ave & 59th St,2
Public Rack - Spencer Elementary Technology Academy,2
Public Rack - Springfield & 71st,2
Public Rack - Springfield & 79th,2
Public Rack - St Louis & 83rd,2
Public Rack - Stony Is Ave & 73rd St,2
Public Rack - Stony Island & 87th St,2
Public Rack - Stony Island & 95th St,2
Public Rack - The Montessori School of Englewood,2
Public Rack - Torrence Ave  & 106th St,2
Public Rack - Torrence Ave & 98th St,2
Public Rack - Troy & 111th St,2
Public Rack - Vincennes Ave & 87th St,2
Public Rack - Vincennes Ave & 91st St,2
Public Rack - Vincennes Ave & 95th Pl,2
Public Rack - Vincennes Ave & 95th St,2
Public Rack - Waller Ave & Chicago Ave,2
Public Rack - Washtenaw Ave & 63rd St,2
Public Rack - Western & 79th,2
Public Rack - Western Ave & 104th St - West,2
Public Rack - Western Ave & 106th St - West,2
Public Rack - Western Ave & 107th Pl,2
Public Rack - Western Ave & 111th St - SE,2
Public Rack - Western Ave & 116th St,2
Public Rack - Western Ave & 62nd St,2
Public Rack - Western Ave & 98th St,2
Public Rack - Yale Ave & 119th St,2
Public Rack - Yates Blvd & Exchange Ave,2
Public Rack - Zapata Academy,2
SCOOTERS - 2132 W Hubbard ST,2
Western Ave & 101st St,2
Kedzie Ave & 38th Pl,1
Kildare & Chicago Ave,1
Loomis St & 95th St,1
Parnell Ave & 127th St,1
Public Rack - 53rd St & Indiana Ave,1
Public Rack - 63rd & Western Ave S,1
Public Rack - 83rd St (Avalon Park) Metra,1
Public Rack - Ada St & 119th St,1
Public Rack - Ashland Ave & 74th St,1
Public Rack - Austin & 62nd,1
Public Rack - Ave L & 105th St,1
Public Rack - Avenue O & 118th St,1
Public Rack - Baker Ave & 863rd Pl,1
Public Rack - Baltimore Ave & 134th St,1
Public Rack - Bell Ave & 95th St,1
Public Rack - Bensley Ave & 103rd St,1
Public Rack - Bishop St & 81st St,1
Public Rack - Bradley Park,1
Public Rack - Brainerd Park,1
Public Rack - California & 87th,1
Public Rack - Calumet Ave & 133rd St,1
Public Rack - Christiana Ave & 111th St,1
Public Rack - Clyde Ave & 87th St,1
Public Rack - Columbus & 79th,1
Public Rack - Cornell Ave & 87th Pl,1
Public Rack - Cottage Grove Ave & 111th St,1
Public Rack - Cottage Grove Ave & 75th St,1
Public Rack - Cottage Grove Ave & 87th St,1
Public Rack - Cottage Grove Ave & 89th Pl,1
Public Rack - Damen & 81st,1
Public Rack - Damen Ave & 80th St,1
Public Rack - Damen Ave & 84th St,1
Public Rack - East End Ave & 75th St,1
Public Rack - Eggleston Ave & 92nd St,1
Public Rack - Ewing Ave & 102nd St,1
Public Rack - Ewing Ave & 106th St NW,1
Public Rack - Ewing Ave & 112th St,1
Public Rack - Ewing Ave & 95th St,1
Public Rack - Ewing Ave & 96th St S,1
Public Rack - Exchange Ave & 131st St,1
Public Rack - Fullerton Ave & Lavergne Ave,1
Public Rack - Grand Ave & Lawndale Ave,1
Public Rack - Green St & 103rd St,1
Public Rack - Hamilton Park,1
Public Rack - Harvard Ave & 119th St,1
Public Rack - Homan & 79th,1
Public Rack - Homan Ave & 111th St,1
Public Rack - Homan Ave & Lake St,1
Public Rack - Homewood Ave & Monterey Ave,1
Public Rack - Honore St & 87th St,1
Public Rack - Horner & 85th,1
Public Rack - James Madison School,1
Public Rack - Kedvale Ave & 26th St,1
Public Rack - Kedzie Ave & 54th Pl,1
Public Rack - Keef Ave & South Chicago Ave,1
Public Rack - Kilbourn Ave & Fullerton Ave,1
Public Rack - Kostner Ave & 16th St,1
Public Rack - Lafayette Ave & 119th St,1
Public Rack - Lafayette Ave & 87th St SW,1
Public Rack - Lamon Ave & Erie St,1
Public Rack - Lawndale & 63rd St,1
Public Rack - Lawrence Ave & 103rd St,1
Public Rack - Longwood Dr & 111th St,1
Public Rack - Loomis Blvd & 83rd St,1
Public Rack - Loomis St & 87th St,1
Public Rack - Lowe Ave & 119th St,1
Public Rack - Lowe Ave & 98th St,1
Public Rack - Mackinaw Ave & 108th St,1
Public Rack - Marquette Rd & 67th St,1
Public Rack - Mason Ave & Archer Ave,1
Public Rack - May St & 63rd St,1
Public Rack - May St & 78th St,1
Public Rack - Michigan Ave & 110th St,1
Public Rack - Michigan Ave & 113th St,1
Public Rack - Michigan Ave & 125th Pl,1
Public Rack - Michigan Ave & 67th St,1
Public Rack - Morgan St & 103rd St,1
Public Rack - Morgan St & 95th St,1
Public Rack - Mt Greenwood Library N,1
Public Rack - New England Ave & Grace St,1
Public Rack - Newcastle Ave & Belmont Ave,1
Public Rack - Normal Ave & 72nd St,1
Public Rack - Northwest Hwy & Overhill Ave,1
Public Rack - Oakley Ave & 50th Pl,1
Public Rack - Oketo & Northwest Hwy,1
Public Rack - Orville T Bright School,1
Public Rack - Osceola Ave & Touhy Ave,1
Public Rack - Park Manor Elementary School,1
Public Rack - Parnell Ave & 103rd St,1
Public Rack - Parnell Ave & 119th St,1
Public Rack - Peoria St & 60th St,1
Public Rack - Percy Julian HS,1
Public Rack - Perry Ave & 108th Pl,1
Public Rack - Prairie Ave & 85th St,1
Public Rack - Princeton Ave & 99th Pl,1
Public Rack - Pulaski & 84th,1
Public Rack - Pulaski Rd & 5th Ave,1
Public Rack - Pulaski Rd & 83rd St,1
Public Rack - Pulaski Rd & Flournoy St,1
Public Rack - Racine Ave & 76th,1
Public Rack - Rockwell & 111th St,1
Public Rack - Rockwell Ave & 71st St,1
Public Rack - Sacramento & 71st,1
Public Rack - Sacramento Ave & Greenleaf Ave,1
Public Rack - Sacramento Blvd & Washington Blvd,1
Public Rack - Saginaw Ave & 93rd St,1
Public Rack - Sawyer Ave & 111th St,1
Public Rack - Springfield Ave & 63rd St,1
Public Rack - Stony Island Ave & 86th St,1
Public Rack - Torrence Ave & 103rd St,1
Public Rack - Troy & 71st,1
Public Rack - Trumbull Ave & 111th St,1
Public Rack - Union Ave & 111th St,1
Public Rack - Vincennes Ave & 99th St,1
Public Rack - W. Talcott & N. Oriole,1
Public Rack - Wallace St & 112 St,1
Public Rack - Wallace St & 119th St,1
Public Rack - West Lawn Park,1
Public Rack - Whipple St & 26th St,1
Public Rack - William Rainey Harper High School,1
Public Rack - Winchester Ave & 87th St,1
Public Rack - Wolcott Ave & 56th St,1
Public Rack - Yates Ave & 100th St,1
Racine Ave & 115th St,1
w. Chicago Warehouse,1
