start_station_name,Count of ride_id
Streeter Dr & Grand Ave,61911
DuSable Lake Shore Dr & Monroe St,41197
DuSable Lake Shore Dr & North Blvd,36483
Michigan Ave & Oak St,36148
Kingsbury St & Kinzie St,35665
Clark St & Elm St,31779
Clinton St & Washington Blvd,31075
Millennium Park,30394
Clinton St & Madison St,29735
Wells St & Concord Ln,27908
Theater on the Lake,27297
Wells St & Elm St,26615
Dearborn St & Erie St,24959
Shedd Aquarium,24525
Clinton St & Jackson Blvd,24094
Indiana Ave & Roosevelt Rd,24090
State St & Chicago Ave,23748
Canal St & Madison St,23399
Wabash Ave & Grand Ave,23347
Dusable Harbor,23145
University Ave & 57th St,22763
Clark St & Armitage Ave,22205
Michigan Ave & Washington St,22142
Clark St & Lincoln Ave,21949
Wells St & Huron St,21886
Wells St & Hubbard St,21299
Desplaines St & Kinzie St,21073
LaSalle St & Illinois St,21011
Wilton Ave & Belmont Ave,20429
New St & Illinois St,20406
Ellis Ave & 60th St,20387
Broadway & Barry Ave,20324
Dearborn Pkwy & Delaware Pl,20203
Canal St & Adams St,20107
Columbus Dr & Randolph St,20015
Daley Center Plaza,19953
McClurg Ct & Ohio St,19880
Michigan Ave & Lake St,19877
Wabash Ave & Roosevelt Rd,19749
Larrabee St & Kingsbury St,19674
Halsted St & Fulton St,19095
Michigan Ave & 8th St,19086
Kingsbury St & Erie St,18522
Clinton St & Lake St,18355
DuSable Lake Shore Dr & Diversey Pkwy,18350
Orleans St & Merchandise Mart Plaza,18191
Ashland Ave & Division St,18054
Green St & Madison St,17974
Sheffield Ave & Fullerton Ave,17919
Ellis Ave & 55th St,17896
Dearborn St & Monroe St,17708
Morgan St & Polk St,17534
Clark St & Wrightwood Ave,17422
Clark St & Lake St,17367
Montrose Harbor,17259
Halsted St & Clybourn Ave,17232
Adler Planetarium,17016
Loomis St & Lexington St,16852
Broadway & Cornelia Ave,16751
Broadway & Waveland Ave,16726
Lincoln Ave & Fullerton Ave,16255
Damen Ave & Pierce Ave,16092
Fairbanks Ct & Grand Ave,16016
Clark St & Schiller St,15996
Federal St & Polk St,15990
St. Clair St & Erie St,15784
Franklin St & Jackson Blvd,15735
Peoria St & Jackson Blvd,15656
Clark St & Drummond Pl,15566
Wells St & Evergreen Ave,15527
DuSable Lake Shore Dr & Belmont Ave,15525
McClurg Ct & Erie St,15452
Ravenswood Ave & Lawrence Ave,15401
Larrabee St & Webster Ave,15398
Halsted St & Polk St,15326
Pine Grove Ave & Waveland Ave,15233
Lakeview Ave & Fullerton Pkwy,15099
LaSalle St & Jackson Blvd,15052
State St & Randolph St,14936
DuSable Lake Shore Dr & Wellington Ave,14769
Southport Ave & Waveland Ave,14753
Aberdeen St & Jackson Blvd,14645
Clark St & Newport St,14496
State St & 33rd St,14393
Sheffield Ave & Waveland Ave,14340
Franklin St & Lake St,14273
Halsted St & Roscoe St,14230
Buckingham Fountain,14223
Kimbark Ave & 53rd St,14165
Sedgwick St & Huron St,14122
Southport Ave & Roscoe St,14111
Rush St & Cedar St,13941
Cityfront Plaza Dr & Pioneer Ct,13771
Halsted St & Wrightwood Ave,13615
Sheridan Rd & Irving Park Rd,13596
State St & Kinzie St,13403
Rush St & Superior St,13351
MLK Jr Dr & 29th St,13278
Milwaukee Ave & Grand Ave,13260
Mies van der Rohe Way & Chestnut St,13216
Franklin St & Illinois St,13102
Stockton Dr & Wrightwood Ave,13069
Wabash Ave & 9th St,12947
Sheffield Ave & Wellington Ave,12923
Sheffield Ave & Wrightwood Ave,12724
Mies van der Rohe Way & Chicago Ave,12500
Pine Grove Ave & Irving Park Rd,12409
Sheffield Ave & Webster Ave,12394
Wabash Ave & Wacker Pl,12369
Bissell St & Armitage Ave*,12350
Clarendon Ave & Gordon Ter,12321
Sedgwick St & North Ave,12270
Franklin St & Monroe St,12187
Broadway & Belmont Ave,12180
Desplaines St & Jackson Blvd,12134
Field Blvd & South Water St,11945
Lincoln Park Conservatory,11939
Clark St & Wellington Ave,11910
900 W Harrison St,11900
Michigan Ave & Jackson Blvd,11862
Michigan Ave & 14th St,11820
Clark St & Winnemac Ave,11810
Calumet Ave & 33rd St,11786
Broadway & Sheridan Rd,11752
Sheffield Ave & Kingsbury St,11745
Sedgwick St & Webster Ave,11708
Sheridan Rd & Montrose Ave,11671
Halsted St & Dickens Ave,11487
Ogden Ave & Chicago Ave,11350
Field Museum,11320
Lakefront Trail & Bryn Mawr Ave,11290
Wells St & Walton St,11169
Franklin St & Chicago Ave,11101
Clark St & Chicago Ave,11067
Racine Ave & Fullerton Ave,11045
Canal St & Jackson Blvd,10900
Shore Dr & 55th St,10826
Clark St & North Ave,10805
Wabash Ave & Adams St,10803
Morgan St & Lake St*,10783
Wells St & Randolph St,10663
Aberdeen St & Randolph St,10628
Dayton St & North Ave,10517
LaSalle Dr & Huron St,10493
Wood St & Milwaukee Ave,10469
Southport Ave & Wellington Ave,10438
Wells St & Polk St,10348
Stetson Ave & South Water St,10347
Burnham Harbor,10338
Canal St & Monroe St,10309
Milwaukee Ave & Wabansia Ave,10274
Broadway & Wilson Ave,10235
Franklin St & Adams St (Temp),10220
Clark St & Grace St,10158
Burling St & Diversey Pkwy,10136
May St & Taylor St,10097
Ritchie Ct & Banks St,10067
Elizabeth St & Randolph St,10055
Honore St & Division St,10009
Michigan Ave & Madison St,9957
Rush St & Hubbard St,9870
Sangamon St & Lake St,9846
Wilton Ave & Diversey Pkwy,9809
Damen Ave & Cortland St,9735
Michigan Ave & Pearson St,9644
Clarendon Ave & Junior Ter,9624
Clifton Ave & Armitage Ave,9607
California Ave & Milwaukee Ave,9571
Halsted St & Maxwell St,9532
Woodlawn Ave & 55th St,9513
Racine Ave & Belmont Ave,9469
Lincoln Ave & Diversey Pkwy,9376
Southport Ave & Belmont Ave,9317
Larrabee St & Division St,9236
Financial Pl & Ida B Wells Dr,9190
Michigan Ave & 18th St,9183
Elston Ave & Cortland St,9165
Dearborn St & Adams St,9144
Blackstone Ave & 59th St,8990
Aberdeen St & Monroe St,8987
Clark St & Berwyn Ave,8872
Southport Ave & Wrightwood Ave,8839
Lake Park Ave & 56th St,8828
Wacker Dr & Washington St,8756
Sheridan Rd & Buena Ave,8698
Halsted St & Willow St,8655
Lincoln Ave & Melrose St,8549
Damen Ave & Chicago Ave,8528
Kedzie Ave & Milwaukee Ave,8473
Carpenter St & Huron St,8471
Calumet Ave & 18th St,8461
Jefferson St & Monroe St,8346
Clark St & Leland Ave,8322
Ogden Ave & Race Ave,8215
Wolcott Ave & Polk St,8202
Larrabee St & Oak St,8172
Paulina St & Flournoy St,8076
Desplaines St & Randolph St,8057
State St & Pearson St,8057
Ellis Ave & 58th St,8046
Green St & Randolph St*,7991
State St & Van Buren St,7976
State St & Harrison St,7958
Western Ave & Winnebago Ave,7958
Orleans St & Hubbard St,7944
Wabash Ave & 16th St,7930
Sheffield Ave & Willow St,7862
Woodlawn Ave & 58th St,7741
McCormick Place,7692
Clark St & Ida B Wells Dr,7678
Orleans St & Chestnut St (NEXT Apts),7572
Rhodes Ave & 32nd St,7523
LaSalle St & Washington St,7491
Sangamon St & Washington Blvd,7454
Streeter Dr/Grand Ave,7447
Cornell Ave & Hyde Park Blvd,7401
Greenview Ave & Fullerton Ave,7336
Halsted St & Roosevelt Rd,7320
Damen Ave & Division St,7316
Ada St & Washington Blvd,7181
Green St & Washington Blvd,7165
Throop St & Taylor St,7163
Lincoln Ave & Roscoe St*,7150
Eckhart Park,7111
Southport Ave & Irving Park Rd,7025
Larrabee St & Armitage Ave,6969
Fairbanks St & Superior St,6812
Lakefront Trail & Wilson Ave,6771
Damen Ave & Thomas St (Augusta Blvd),6743
Racine Ave & Congress Pkwy,6731
Noble St & Milwaukee Ave,6728
Wells St & Institute Pl,6705
Michigan Ave & Ida B Wells Dr,6646
Wood St & Chicago Ave,6525
Lake Park Ave & 53rd St,6514
Delano Ct & Roosevelt Rd,6509
Ashland Ave & Blackhawk St,6482
Broadway & Argyle St,6398
Clinton St & Tilden St,6379
Clinton St & Roosevelt Rd,6377
Walsh Park,6302
Clark St & Bryn Mawr Ave,6282
Broadway & Berwyn Ave,6273
Marine Dr & Ainslie St,6247
Clark St & Montrose Ave,6207
Racine Ave & Wrightwood Ave,6160
Paulina Ave & North Ave,6114
Southport Ave & Clybourn Ave,6111
Elizabeth St & Fulton St,6039
Sheridan Rd & Argyle St,5995
Ashland Ave & Chicago Ave,5941
Larrabee St & North Ave,5916
Western Ave & Leland Ave,5887
Racine Ave & 18th St,5878
Ashland Ave & Grace St,5823
Ashland Ave & Augusta Blvd,5816
Ashland Ave & Wellington Ave,5797
University Ave & 59th St,5794
Hermitage Ave & Polk St,5740
Broadway & Granville Ave,5724
Clarendon Ave & Leland Ave,5722
Broadway & Thorndale Ave,5647
Cannon Dr & Fullerton Ave,5634
Canal St & Taylor St,5630
Loomis St & Jackson Blvd,5610
Wood St & Taylor St (Temp),5501
Sheridan Rd & Lawrence Ave,5491
Wood St & Augusta Blvd,5484
Orleans St & Elm St,5471
Damen Ave & Leland Ave,5437
Ellis Ave & 53rd St,5427
Dearborn St & Van Buren St,5309
Winthrop Ave & Lawrence Ave,5296
Western Ave & Walton St,5270
Greenview Ave & Diversey Pkwy,5194
Clark St & 9th St (AMLI),5160
Ravenswood Ave & Irving Park Rd,5159
Leavitt St & Armitage Ave,5119
Blackstone Ave & Hyde Park Blvd,5109
Lincoln Ave & Sunnyside Ave,5031
Racine Ave & Washington Blvd,5000
Campbell Ave & North Ave,4994
LaSalle St & Adams St,4926
Larrabee St & Menomonee St,4925
Sheridan Rd & Noyes St (NU),4917
Clybourn Ave & Division St,4863
Wilton Ave & Diversey Pkwy*,4858
Wolcott (Ravenswood) Ave & Montrose Ave,4805
Ashland Ave & Lake St,4797
Wentworth Ave & Cermak Rd*,4780
Seeley Ave & Roscoe St,4766
Ashland Ave & Wrightwood Ave,4752
Morgan St & 18th St,4744
Benson Ave & Church St,4720
Emerald Ave & 31st St,4718
Fort Dearborn Dr & 31st St*,4718
State St & 35th St,4678
Damen Ave & Grand Ave,4676
Blue Island Ave & 18th St,4656
Paulina St & Montrose Ave,4644
Calumet Ave & 21st St,4615
Ashland Ave & Grand Ave,4567
Damen Ave & Charleston St,4543
Chicago Ave & Sheridan Rd,4530
N Green St & W Lake St,4497
Albany Ave & Bloomingdale Ave,4489
Western Ave & Division St,4470
Broadway & Ridge Ave,4458
California Ave & Cortez St,4414
Artesian Ave & Hubbard St,4357
Spaulding Ave & Armitage Ave,4314
Shields Ave & 31st St,4312
Lincoln Ave & Belle Plaine Ave,4279
Sedgwick St & Schiller St,4256
Leavitt St & North Ave,4254
Griffin Museum of Science and Industry,4209
Wentworth Ave & Cermak Rd,4198
Leavitt St & Chicago Ave,4179
Logan Blvd & Elston Ave,4127
Stave St & Armitage Ave,4102
Drexel Ave & 60th St,4080
Kedzie Ave & Palmer Ct,4021
Humboldt Blvd & Armitage Ave,4017
Morgan Ave & 14th Pl,3976
Indiana Ave & 31st St,3972
Wood St & Hubbard St,3964
Lincoln Ave & Byron St,3949
Damen Ave & Wellington Ave,3944
California Ave & Francis Pl,3913
Damen Ave & Clybourn Ave,3866
Leavitt St & Belmont Ave,3842
Paulina St & 18th St,3784
Leavitt St & Division St,3760
Halsted St & 18th St,3753
Sheridan Rd & Loyola Ave,3750
Lincoln Ave & Waveland Ave,3729
Ravenswood Ave & Berteau Ave,3690
Western Ave & Fillmore St,3648
Fort Dearborn Dr & 31st St,3555
Indiana Ave & 26th St,3495
Wabash Ave & Cermak Rd,3482
Clark St & Lunt Ave,3463
Glenwood Ave & Morse Ave,3454
California Ave & North Ave,3424
Ogden Ave & Congress Pkwy,3422
Damen Ave & Sunnyside Ave,3387
Racine Ave & Randolph St,3371
Morgan St & 31st St,3335
Leavitt St & Lawrence Ave,3323
Lincoln Ave & Addison St,3277
Lake Park Ave & 35th St,3274
Canal St & Harrison St,3268
Milwaukee Ave & Rockwell St,3257
Damen Ave & Melrose Ave,3238
Damen Ave & Foster Ave,3229
California Ave & Montrose Ave,3178
Clinton St & 18th St,3111
Southport Ave & Clark St,3100
Elston Ave & Wabansia Ave,2988
California Ave & Altgeld St,2986
Clark St & Elmdale Ave,2965
Ashland Ave & 13th St,2964
California Ave & Division St,2929
Campbell Ave & Montrose Ave,2900
Wentworth Ave & 33rd St,2872
Racine Ave & 15th St,2856
St. Louis Ave & Fullerton Ave,2830
Sheridan Rd & Columbia Ave,2791
Greenview Ave & Jarvis Ave,2769
Ashland Ave & Belle Plaine Ave,2726
Rockwell St & Eastwood Ave,2717
Harper Ave & 59th St,2710
State St & 19th St,2680
Shields Ave & 28th Pl,2678
Talman Ave & Addison St,2660
Damen Ave & Madison St,2572
Winchester Ave & Elston Ave,2570
Damen Ave & Wabansia Ave,2554
Halsted St & Archer Ave,2541
Calumet Ave & 35th St,2493
Claremont Ave & Hirsch St,2485
Laflin St & Cullerton St,2461
Western Ave & Roscoe St,2446
May St & Cullerton St,2434
Western Ave & Congress Pkwy,2425
Wood St & Webster Ave,2425
Emerald Ave & 28th St,2413
Clark St & Schreiber Ave,2399
W Armitage Ave & N Sheffield Ave,2384
Avondale Ave & Irving Park Rd,2352
Kimball Ave & Belmont Ave,2321
Halsted St & 35th St,2309
Damen Ave & Cullerton St,2297
Milwaukee Ave & Fullerton Ave,2297
Halsted St & 21st St,2280
Greenwood Ave & 47th St,2266
Campbell Ave & Fullerton Ave,2252
Clark St & Columbia Ave,2247
Richmond St & Diversey Ave,2212
Wentworth Ave & 35th St,2199
California Ave & Fletcher St,2198
Oakley Ave & Irving Park Rd,2197
Kedzie Ave & Leland Ave,2177
California Ave & Byron St,2174
Washtenaw Ave & Lawrence Ave,2110
Sheridan Rd & Greenleaf Ave,2082
Central Park Ave & Elbridge Ave,2069
Glenwood Ave & Touhy Ave,2060
Hoyne Ave & Balmoral Ave,2047
Leavitt St/North Ave,2041
Campbell Ave & Augusta Blvd,1996
Wells St & 19th St,1992
Leavitt St & Addison St,1966
Lake Park Ave & 47th St,1963
Wallace St & 35th St,1940
Kosciuszko Park,1927
Monticello Ave & Irving Park Rd,1925
Francisco Ave & Foster Ave,1914
Malcolm X College,1907
N Carpenter St & W Lake St,1893
Troy St & Elston Ave,1893
Chicago Ave & Washington St,1890
Halsted St & North Branch St,1884
University Library (NU),1872
Cherry Ave & Blackhawk St,1867
Smith Park,1861
Albany Ave & Montrose Ave,1811
Damen Ave & Lake St,1806
Wentworth Ave & 24th St,1779
Avers Ave & Belmont Ave,1772
Paulina St & Howard St,1730
Ogden Ave & Roosevelt Rd,1726
Troy St & North Ave,1683
Central Park Ave & Bloomingdale Ave,1677
Lincoln Ave & Winona St,1645
Winchester (Ravenswood) Ave & Balmoral Ave,1581
Woodlawn Ave & Lake Park Ave,1556
Drake Ave & Addison St,1528
W Washington Blvd & N Peoria St,1470
Spaulding Ave & Division St,1462
Christiana Ave & Lawrence Ave,1458
Western Ave & Lunt Ave,1434
Manor Ave & Leland Ave,1397
Western Ave & Monroe St,1388
Damen Ave & Walnut (Lake) St,1339
Racine Ave & 35th St,1317
Hampden Ct & Diversey Ave,1310
Normal Ave & Archer Ave,1302
Rockwell St & Fletcher St,1275
Loomis St & Archer Ave,1272
Evanston Civic Center,1266
Eastlake Ter & Howard St,1247
MLK Jr Dr & Pershing Rd,1241
Racine Ave & 13th St,1233
63rd St Beach,1218
Clark St & Jarvis Ave,1198
Dorchester Ave & 49th St,1197
South Shore Dr & 67th St,1174
Western Ave & 21st St,1163
Museum of Science and Industry,1158
Prairie Ave & Garfield Blvd,1142
Clinton St & Polk St,1136
Drake Ave & Montrose Ave,1111
Central St Metra,1080
Elston Ave & George St,1060
Dorchester Ave & 63rd St,1056
N Southport Ave & W Newport Ave,1054
Sawyer Ave & Irving Park Rd,1050
South Shore Dr & 71st St,1040
McCormick Blvd & Devon Ave,1039
Cottage Grove Ave & 63rd St,1035
Bernard St & Elston Ave,1030
Western Ave & Howard St,1022
Keystone Ave & Fullerton Ave,1020
Keystone Ave & Montrose Ave,1007
Ashland Ave & Archer Ave,1003
N Paulina St & Lincoln Ave,992
W Oakdale Ave & N Broadway,969
Francisco Ave & Chicago Ave,964
Warren Park West,953
Cottage Grove Ave & 51st St,945
Cottage Grove Ave & 47th St,923
Knox Ave & Montrose Ave,905
Monticello Ave & Lawrence Ave,894
Ping Tom Park (East),880
St. Louis Ave & Balmoral Ave,869
Kedzie Ave & Foster Ave,859
Central St & Girard Ave,855
N Damen Ave & W Chicago Ave,838
Cottage Grove Ave & Oakwood Blvd,836
Dodge Ave & Church St,834
Clark St & Touhy Ave,810
Western Ave & Grace St,807
California Ave & Granville Ave,802
Leavitt St & Archer Ave,799
Western Ave & Granville Ave,798
Ridge Blvd & Touhy Ave,793
Francisco Ave & Bloomingdale Ave,790
California Ave & Lake St,783
Lincoln Ave & Peterson Ave,772
State St & 29th St,767
N Shore Channel Trail & Argyle St,758
Damen Ave/Coulter St,750
Cottage Grove Ave & 43rd St,737
Valli Produce - Evanston Plaza,727
Bosworth Ave & Howard St,714
Kedzie Ave & Bryn Mawr Ave,712
Kedzie Ave & 48th Pl,703
Warren Park East,701
Kedzie Ave & George St,698
Kilbourn Ave & Irving Park Rd,696
Kildare Ave & Montrose Ave,693
Western Ave & Berteau Ave,689
Ridge Blvd & Howard St,681
Karlov Ave & Armitage Ave,662
Pulaski Rd & 51st St,647
DuSable Museum,636
Elmwood Ave & Austin St,626
Oakley Ave & Touhy Ave,619
Western Ave & 24th St,616
Milwaukee Ave & Cuyler Ave,606
Central Park Ave & North Ave,599
Western Ave & Gunnison St,598
Wood St & 35th St,594
Sacramento Blvd & Addison St,584
MLK Jr Dr & 47th St,575
Calumet Ave & 51st St,566
Troy St & Grace St,566
2112 W Peterson Ave,560
Prairie Ave & 43rd St,553
Kedzie Ave & Lake St,552
Maplewood Ave & Peterson Ave,552
Public Rack - Washtenaw Ave & Superior St,546
Francisco Ave & Montrose Ave,542
Central Park Ave & Ogden Ave,535
Washtenaw Ave & Ogden Ave,531
Sacramento Blvd & Franklin Blvd,520
Whipple/Irving Park,513
Western Ave & Lake St,511
Elston Ave & Henderson St,501
Richmond St & Lincoln Ave,497
California Ave & 21st St,496
Kedzie Ave & Chicago Ave,494
Pulaski Rd & Eddy St,490
Milwaukee Ave & Ainslie St,480
Budlong Woods Library,470
Lincolnwood Dr & Central St,470
Dodge Ave & Mulford St,469
California Ave & Winona St,464
Conservatory Dr & Lake St,459
Dodge Ave & Main St,458
Archer (Damen) Ave & 37th St,452
Kilbourn Ave & Milwaukee Ave,448
N Clark St & W Elm St,448
Halsted St & 37th St,443
Kostner Ave & Wrightwood Ave,438
Western Blvd & 48th Pl,430
Keeler Ave & Carmen Ave,421
St Louis Ave & Foster Ave,414
Albany Ave & Belmont Ave,412
Cottage Grove Ave & 67th St,409
Hoyne Ave & 47th St,409
Springfield Ave & North Ave,396
Long & Irving Park,394
N Sheffield Ave & W Wellington Ave,393
Kenneth Ave & Lawrence Ave,391
Lincoln Ave & Balmoral Ave,388
Stony Island Ave & 63rd St,387
Kedzie Ave & 21st St,382
Karlov Ave & Lawrence Ave,377
Public Rack - Woodlawn Ave & 63rd St N,371
California Ave & 23rd Pl,367
Central Park Ave & Ardmore Ave,354
Public Rack - Hyde Park Blvd & 53rd St,353
Kenosha Ave & Wellington Ave,351
Campbell Ave & Irving Park Rd,346
Wolcott Ave & Fargo Ave,345
Kilbourn Ave & Belden Ave,344
Public Rack - Christiana Ave & Belmont Ave,343
Jeffery Blvd & 67th St,341
Kostner Ave & Bryn Mawr Ave,340
North Boundary Park,340
State St & 95th St,340
Burnham Greenway & 112th St,337
Kedvale Ave & Peterson Ave,337
Rockwell St & Cermak Rd,334
Fairfield Ave & Pratt Blvd,329
Princeton Ave & 47th St,324
MLK Jr Dr & 56th St,314
Kilbourn Ave & Roscoe St,313
Lockwood Ave & Wrightwood Ave,308
Narragansett Ave & Wrightwood Ave,307
Big Marsh Park,305
Midway Orange Line,299
Wrigley Events Parking Area,299
Jeffery Blvd & 71st St,298
Milwaukee Ave & Agatite Ave,295
South Shore Dr & 74th St,295
Eberhart Ave & 61st St,292
Exchange Ave & 79th St,290
Weekend Night Parking Area A,289
Rainbow - Beach,288
Clark St & Randolph St,279
Washtenaw Ave & Peterson Ave,270
Stony Island Ave & 67th St,267
Indiana Ave & 40th St,266
Fairfield Ave & Roosevelt Rd,257
Central Ave & Chicago Ave,255
Dan Ryan Woods & 83rd St,252
Kostner Ave & Devon Ave,249
Damen Ave & Pershing Rd,248
Lavergne Ave & Fullerton Ave,248
Austin Blvd & Lake St,246
Stony Island Ave & 71st St,241
Princeton Ave & Garfield Blvd,240
Sacramento Blvd & Fulton Ave,240
California Ave & 26th St,239
Perry Ave & 69th St,238
Shields Ave & 43rd St,238
Weekend Night Parking Area B,235
California Ave & Touhy Ave,233
Millard Ave & 26th St,232
State St & 54th St,231
Cicero Ave & Wrightwood Ave,230
Kilbourn Ave & Diversey Ave,230
Calumet Park,228
Chicago State University,228
Grace St & Cicero Ave,227
Public Rack - Racine Ave & 109th Pl,224
Baltimore Ave & 87th St,222
Kedzie Ave & 57th St,222
Halsted St & 47th Pl,217
Cicero Ave & Roscoe Ave,215
Ashland Ave & Pershing Rd,209
MLK Jr Dr & 63rd St,209
Sacramento Ave & Lunt Ave,206
Central Ave & Altgeld St,203
Laramie Ave & Irving Park Rd,203
Public Rack - Kedzie Ave & Argyle St,202
Menard Ave & Lawrence Ave,200
Rockwell St & Archer Ave\t,199
Union Ave & Root St,199
Walden Pkwy & 100th St,199
Linder Ave & Montrose Ave,198
Kostner Ave & Adams St,195
Long Ave & Belmont Ave,195
Western Ave & 111th St,194
Artesian Ave & 55th St,193
Eggleston Ave & 69th St,193
Public Rack - Milwaukee Ave & Diversey Ave,193
State St & 79th St,191
University Ave & 65th St,189
Public Rack - Haft Ave & Milwaukee Ave,187
Stony Island Ave & 75th St,187
Washtenaw Ave & Polk St,187
Harlem Ave & Irving Park Rd,185
Leclaire Ave & Belmont Ave,185
Shabbona Park,185
Stony Island Ave & 64th St,184
Virginia Ave & Catalpa Ave,184
Bernard St & Peterson Ave,182
Ashland Ave & 50th St,181
Public Rack - Western Ave & Devon Ave,181
May St & 69th St,178
Sacramento Ave & Pratt Blvd,177
Washtenaw Ave & Madison St,177
Public Rack - Langley Ave & 49th St,176
Austin Blvd & Madison St,173
Kildare Ave & North Ave,171
Halsted St & 51st St,170
Public Rack - Rockwell & Division,169
Kilpatrick Ave & Grand Ave,168
Nordica Ave & Medill Ave,168
California & 16th St,166
Public Rack - Hamlin Ave & Montrose Ave,166
Fairfield Ave & 44th St,163
Cottage Grove Ave & 83rd St,162
Wentworth Ave & 63rd St,162
Public Rack - California Ave & Cortez St,160
Central Park & Augusta Blvd,159
Prospect Sq & 91st St,159
Ashland Ave & McDowell Ave,157
Hamlin Ave & Grand Ave,157
Loomis St & 89th St,156
Lexington St & California Ave,155
Western Ave & Ardmore Ave,155
Loomis Blvd & 84th St,154
Lowell Ave & Armitage Ave,154
Public Rack - Spaulding Ave & Evergreen Ave,153
St Louis Ave & 59th St,151
Yates Blvd & 75th St,150
Marshfield Ave & 44th St,149
Lawndale Ave & 30th St,148
Albany Ave & 26th St,146
Kostner Ave & Belmont Ave,145
Central Ave & Lake St,143
Commercial Ave & 83rd St,143
Hoyne Ave & 34th St,142
Lamon Ave & Armitage Ave,140
Oak Park & Wellington,140
Public Rack - Washtenaw Ave & Devon Ave,140
Halsted St & 96th St,139
Lockwood Ave & Grand Ave,139
Public Rack - Monticello Ave & Belmont Ave,138
Public Rack - Pulaski Rd & 44th St,138
Halsted St & 63rd St,137
Artesian Ave & Marquette Rd,136
Central Ave & Roscoe St,136
Kedzie Ave & Redfield Dr,136
Narragansett Ave & Montrose Ave,136
Lawndale Ave & 111th St,135
Lowell Ave & Armitage,135
Major Ave & Addison St,135
Public Rack - Hyde Park Blvd & 55th St,135
California Ave & Marquette Rd,134
Western Ave & 43rd St,134
Austin Blvd & Chicago Ave,133
Public Rack - Hollywood Park,133
Lavergne Ave & Lawrence Ave,132
State St & Pershing Rd,132
Morgan St & Pershing Rd,131
Narragansett Ave & School St,129
Public Rack - Harold Washington Park,129
Burnham Greenway & 105th St,128
Wabash Ave & 87th St,128
Kilpatrick Ave & Parker Ave,127
Public Rack - Milwaukee Ave & Higgins Ave,127
Sayre Ave & Diversey Ave,126
Central Park Ave & Washington Blvd,125
Komensky Ave & 31st St,125
Meade Ave & Fullerton Ave,125
Pulaski & Ann Lurie Pl,125
Laramie Ave & Addison St,124
Calumet Ave & 71st St,123
Central Ave & Parker Ave,123
Springfield Ave & 47th St,123
Cicero Ave & Lake St,121
Harding Ave & Division St,121
Ewing Ave & Burnham Greenway,120
Halsted St & 111th St,120
St Louis Ave & Norman Bobbins Pl,120
Hale Ave & 107th St,118
Lawler Ave & 50th St,118
MTV Hubbard St,117
Central Park Ave & Ohio St,116
Marmora Ave & Irving Park Rd,116
Springfield Ave & 71st St,116
California Ave & Madison St,115
Halsted St & 78th St,115
Michigan Ave & 71st St,115
Public Rack - Hamlin Ave & Fullerton Ave,113
Francisco Ave & 47th St,112
Grace St & Central Ave,112
Harding Ave & 26th St,111
Rockwell St & Archer Ave,111
Western Ave & 104th St,111
Rockwell St & 57th St,110
Merrimac Park,109
Central Park Ave & 24th St,108
Harlem Ave & Bloomingdale Ave,108
Public Rack - Cumberland & Catherine,108
Steelworkers Park,108
Lamon Ave & Belmont Ave,107
Public Rack - Kostner Ave & Armitage Ave,107
Pulaski Rd & Lake St,107
Tripp Ave & 65th St,107
Avenue O & 118th St,106
Oglesby Ave & 100th St,104
Summit Ave & 86th St,104
Laramie Ave & Madison St,102
Mango Ave & Diversey Ave,102
MLK Jr Dr & 83rd St,102
Wood St & 33rd St,102
Damen Ave & 87th St,101
Pershing Rd & Sacramento Ave,101
California Ave & 41st St,100
Central Ave & Madison St,100
Dauphin Ave & 87th St,100
Central Park Blvd & 5th Ave,97
Evans Ave & 75th St,97
Long Ave & Belden Ave,94
Narragansett Ave & McLean Ave,94
Woodlawn Ave & 75th St,94
California Ave & 71st St,93
Commercial Ave & 130th St,92
Cottage Grove Ave & 111th Pl,92
Kedzie Ave & Harrison St,92
Komensky Ave & 55th St,92
Public Rack - Milwaukee Ave & Haussen Ct,92
Granville Ave & Pulaski Rd,91
Phillips Ave & 79th St,91
Albany Ave & Douglas Blvd,90
Public Rack - Throop St & 58th St,90
21st St & Pulaski Rd,89
Houston Ave & 92nd St,89
Kildare Ave & 26th St,89
Komensky Ave & 47th St,89
Meade Ave & Addison St,89
Public Rack - Drake Ave & Leland Ave,89
Karlov Ave & Madison St,88
Kedzie Ave & 24th St,88
Pulaski Rd & 54th St,88
Harding Ave & Chicago Ave,87
Hegewisch Metra Station,87
Public Rack - Lafayette Ave & 95th St,87
Public Rack - Campbell Ave & Pratt Blvd,86
Central Ave & Wellington Ave,85
Monticello Ave & Chicago Ave,85
Halsted St & 69th St,84
Kostner Ave & 63rd St,84
Richmond St & 59th St,84
Public Rack - Kinzua Ave & Devon Ave,83
Narragansett & Wrightwood,82
Orange Ave & Addison St,82
Doty Ave & 111th St,81
Laramie Ave & Kinzie St,81
Lavergne Ave & Division St,81
Sacramento Ave & 25th St,81
Lawler Ave & North Ave,80
Public Rack - Lawndale Ave & Diversey Ave,80
Pulaski Rd & 68th St,80
Wellington Ave & Mulligan Ave,80
Harding Ave & 31st St,79
Peterson/Ridge Metra,79
Vernon Ave & 79th St,79
Jeffery Blvd & 76th St,78
Lamon Ave & Chicago Ave,78
Lavergne Ave & Diversey Ave,78
Meade Ave & Diversey Ave,78
Cicero Ave & Wellington Ave,77
Greenwood Ave & 79th St,77
Kedzie Ave & 52nd St,77
Francisco Ave & 85th St,76
Halsted St & 56th St,76
Indiana Ave & 103rd St,76
Kedzie Ave & Roosevelt Rd,76
Kildare Ave & Division St,76
Spaulding Ave & 16th St,76
Vernon Ave & 107th St,76
Damen Ave & 81st St,75
Public Rack - Kimbark Ave & 63rd St,75
Vernon Ave & 75th St,75
Western Ave & 28th St,75
Kildare Ave & 55th St,74
Western Ave & 79th St,74
Kedzie Ave & 66th Pl,73
Marmora Ave & Belmont Ave,73
Public Rack - Kedvale Ave & 63rd St W,73
Public Rack - Olmstead Ave & Oliphant Ave,73
Harlem Ave & Grace St,72
Kedzie Ave & 54th Pl,71
Stewart Ave & 63rd St,71
Central Park Ave & Douglas Blvd,70
Knox Ave & Marquette Ave,70
Clyde Ave & 87th St,68
Greenwood Ave & 91st St,68
Long Ave & Diversey Ave,68
Mason Ave & Grand Ave,67
Public Rack - Pulaski Rd & Armitage Ave,67
Public Rack - Spaulding Ave & North Ave,67
Racine Ave & Garfield Blvd,67
Ashland Ave & 66th St,66
Constance Ave & 95th St,66
Kildare Ave & 47th St,66
Public Rack - Jensen Park,66
Latrobe Ave & Chicago Ave,65
Mason Ave & Belmont Ave,65
Scottsdale Park,65
Laramie Ave & Gladys Ave,64
Albany Ave & 16th St,63
Campbell Ave & 51st St,63
Ellis Ave & 83rd St,63
Kedzie Ave & 110th St,63
Mozart St & Jackson Blvd,63
Pittsburgh Ave & Irving Park Rd,63
Public Rack - Milwaukee Ave & Culyer Ave,63
Public Rack - Harper Ave & 63rd St,62
Public Rack - Milwaukee Ave & Catalpa Ave,62
Seeley Ave & Garfield Blvd,62
Weekend Night Parking Area D,62
Artesian Ave & 71st St,61
Burley Ave & 85th St,61
Public Rack - Forest Glen & Peterson,61
Public Rack - Holbrook St & Milwaukee Ave,61
Public Rack - Keating & Peterson,61
Elizabeth St & 47th St,60
St Louis Ave & Norman Bobbins Ave,60
Damen Ave & 74th St,59
Eberhart Ave & 91st St,59
Harlem & Irving Park,59
Kenneth Ave & 50th St,59
Kildare Ave & Chicago Ave,59
Maplewood Ave & 59th St,59
Narragansett & Irving Park,59
Public Rack - Rockwell Ave & Touhy Ave,59
Kedzie Ave & 60th St,58
Kedzie Ave & Jackson Blvd,58
La Villita Park,58
Central Ave & Harrison St,57
Public Rack - Wilbur Wright College South,57
State St & 76th St,57
Torrence Ave & 126th Pl,57
California Ave & 36th St,56
Damen Ave & 59th St,56
Homan Ave & 26th St,56
Kostner Ave & Lake St,56
Avenue O & 134th St,55
Kedzie Ave & Archer Ave,55
Public Rack - Penn Elementary School / KIPP Ascend Middle School,55
Ashland Ave & 63rd St,54
Cicero Ave & Quincy St,54
Public Rack - Avers & Lawrence,54
Public Rack - Milwaukee Ave & Kennedy Expy,54
Stewart Ave & 83rd St,54
Wabash Ave & 83rd St,54
Mango Ave & North Ave,53
Marquette Ave & 89th St,53
Marshfield Ave & 59th St,53
Nagle Ave & Belmont Ave,53
Public Rack - Calumet Ave & 51st St,53
Public Rack - Kostner Ave & Diversey Ave,53
Vincennes Ave & 104th St,53
North Ave & New England Ave,52
Public Rack - Evans Ave & 63rd St,52
Public Rack - Walden Pkwy & 103rd St,52
Pulaski Rd & Congress Pkwy,52
Springfield Ave & 80th St,52
St. Louis & 71st St,52
Halsted St & 73rd St,51
Cottage Grove Ave & 71st St,50
Major Taylor Trail & 115th St,50
Mozart St & 55th St,50
Mulligan Ave & Archer Ave,50
Ashland Ave & Garfield Blvd,49
Cicero Ave & Flournoy St,49
East End Ave & 87th St,49
Public Rack - Irving Park Rd & Leclaire Ave,49
Cicero Ave & Grace St,48
Kedzie Ave & 83rd St,48
Oketo Ave & Addison St,48
Public Rack - Western Blvd & 49th St,48
Archer Ave & Homan Ave,47
Bradley Park,47
Columbus Ave & 79th St,47
Public Rack - Nagle Ave & Belmont Ave,47
Weekend Night Parking Area C,47
Avers Ave & 16th St,46
Public Rack - Austin Blvd & North Ave,46
Public Rack - California Ave & Devon Ave - NE,46
Roscoe & Harlem,46
Kedzie Ave & 45th St,45
Mayfield Ave & Roosevelt Rd,45
Public Rack - Kimball Ave & Lawrence Ave,45
State St & 45th St,45
Cottage Grove Ave & 78th St,44
Laramie Ave & Bloomingdale Ave,44
Lavergne Ave & 46th St,44
Public Rack - Sawyer Ave & Lawrence Ave,44
Tripp Ave & 31st St,44
Kedzie Ave & 73rd St,43
Kilbourn Ave & 49th St,43
Public Rack - Central Ave & Lawrence Ave,43
Public Rack - Lavergne & Lawrence,43
Public Rack - Lowell Ave & Elston Ave,43
Pulaski Rd & 60th St,43
Stony Island Ave & 82nd St,43
Commercial Ave & 100th St,42
Damen Ave & 51st St,42
Dauphin Ave & 103rd St,42
Hamlin Ave & 62nd Pl,42
Kenton Ave & Madison St,42
Public Rack - Leamington & Elston,42
Ashland Ave & 74th St,41
Ewing Ave & 106th St,41
Martin Luther King Dr & 111th St,41
Public Rack - Avers Ave & Irving Park Rd,41
Public Rack - Milwaukee Ave & Lawrence Ave,41
Damen Ave & 33rd St,40
Homewood Ave & 115th St,40
Public Rack - Kilpatrick & Elston,40
Public Rack - Nagel & Higgins,40
Public Rack - Washington Park Ct & 51st St,40
Pulaski Rd & 84th St,40
Whipple St & Roosevelt Rd,40
Spaulding Ave & 63rd,39
Stony Island Ave & South Chicago Ave,39
Leamington Ave & Hirsch St,38
Public Rack - Halsted St & 95th St - SE,38
Public Rack - Kenneth & Carmen,38
Public Rack - Lavergne Ave & Belle Plaine Ave,38
Public Rack - Midway Orange Line,38
Public Rack - Sawyer Ave & Bryn Mawr Ave - SE,38
Francisco Ave & Hollywood Ave,37
Public Rack - Springfield Ave & Lawrence Ave,37
Halsted St & 104th St,36
Paulina Ave & 87th St,36
Pine Ave & Division St,36
Public Rack - Jeffery Blvd & 67th St,36
Public Rack - Menard Ave & Belmont Ave,36
Public Rack - Prairie Ave & Garfield Blvd S,36
Troy St & Jackson Blvd,36
Commercial Ave & 97th St,35
Kildare Ave & Archer Ave,35
Orange & Addison,35
Public Rack - Hiawatha & Mendota,35
Public Rack - Melvina & Foster,35
Public Rack - Western Ave & 96th St,35
Elizabeth St & 92nd St,34
Fullerton & Monitor,34
Monitor Ave & Division St,34
Parkside Ave & Armitage Ave,34
Public Rack - Cicero Ave & Belle Plaine Ave,34
Public Rack - Langley Ave & 105th Pl,34
Wabash Ave & 49th St,34
Augusta Blvd & Laramie Ave,33
Columbus Ave & 83rd Pl,33
Halsted St & 59th St,33
Public Rack - Langley Ave & Oakwood Blvd,33
Public Rack - Sacramento Ave & Devon Ave,33
Archer Ave & 43rd St,32
Lawndale Ave & 16th St,32
Wallace St & Pershing Rd,32
Kedzie Ave & 104th St,31
Oconto Ave & Belmont Ave,31
Public Rack - Central Ave & Pensacola Ave,31
Public Rack - Fullerton Ave & Narragansett Ave,31
Pulaski Rd & Ann Lurie Pl,31
Racine Ave & 61st St,31
Troy Ave & 27th St,31
Public Rack - Jonathan Y Scammon Public School,30
Public Rack - Lawndale Ave & 23rd St,30
Mason Ave & Montrose Ave,29
Michigan Ave & 105th St,29
Phillips Ave & 83rd St,29
Public Rack - Kimball Ave & Carmen Ave,29
Public Rack - Komensky Ave & 59th St,29
Public Rack - Mango & Higgins,29
Racine Ave & 57th St,29
Ashland Ave & 78th St,28
Public Rack - 111th St - Morgan Park Metra,28
Public Rack - Keystone Ave & Irving Park Rd,28
Public Rack - Lockwood & Archer,28
Public Rack - Milwaukee Ave & School St,28
Public Rack - Wolcott Ave & 61st St,28
Public Rack - Woodlawn Ave & 63rd St S,28
Rhodes Ave & 71st St,28
Vincennes Ave & 75th St,28
Bennett Ave & 79th St,27
Public Rack - California Ave & Devon Ave - NW,27
Public Rack - Central & Leland,27
Public Rack - Karlov Ave & Milwaukee Ave,27
Stony Island Ave & 90th St,27
Yates Blvd & 93rd St,27
Major Taylor Trail & 124th St,26
Public Rack - California Ave & Ogden Ave,26
Public Rack - Norwood Park Station,26
Public Rack - Prairie Ave & 47th St,26
Public Rack - Pulaski Rd & Fullerton Ave,26
Public Rack - Racine Ave & 74th St,26
South Chicago Ave & 83rd St,26
California Ave & 29th St,25
Greenwood Ave & 97th St,25
Homan Ave & Fillmore St,25
Public Rack - 63rd Pl & Narraganssett Ave,25
Public Rack - Ashland Ave & 91st St,25
Public Rack - Forest Glen Station,25
Public Rack - Karlov Ave & Kamerling Ave,25
Public Rack - Lynch & Elston,25
Public Rack - Milwaukee Ave & Addison St,25
Public Rack - Milwaukee Ave & Leland Ave,25
Public Rack - Pulaski & Rosemont,25
Wabash Ave & 59th St,25
Kildare Ave & 85th St (Kostner Ave & 87th St TEMPORARY),24
Panama Ave & Grace St,24
Public Rack - Delphina & Foster,24
Public Rack - Laramine Ave & Winnemac Ave,24
Public Rack - N. Oakview and W. Gregory St,24
Public Rack - Prairie Ave & Garfield Blvd N,24
Sayre & Diversey,24
Avenue L & 114th St,23
Baltimore Ave & 133rd St,23
Kildare & Cermak,23
Portage Park,23
Public Rack - Cottage Grove & 86th St,23
Rockwell St & 63rd St,23
St Louis Ave & 51st St,23
Central Park Ave & 66th St,22
Hamilton Park,22
Michigan Ave & 114th St,22
Public Rack - Kostner & Peterson,22
Public Rack - Parkside & Archer,22
Public Rack - St Louis Ave & Berteau Ave,22
Rockwell St & 47th St,22
Sacramento Blvd & Polk St,22
Tripp Ave & 15th St,22
W 103rd St & S Avers Ave,22
Wood St & 84th St,22
Archer Ave & 49th St,21
Kildare Ave & 85th St,21
Olive Harvey College,21
Public Rack - Kenton Ave & Palmer St,21
Public Rack - Nashotah & Northwest Hwy,21
Public Rack - St Louis & Lincoln,21
Public Rack - Throop St & 109th Pl,21
Public Rack - Western Ave & 92nd Pl,21
Altgeld Gardens,20
Carpenter St & 63rd St,20
Grace & Cicero,20
Kedzie Ave & 38th St,20
Overhill Ave & Belmont Ave,20
Public Rack - Imlay & Milwaukee,20
Public Rack - Martin Luther King Dr & 44th St,20
Public Rack - Spaulding Ave & Bryn Mawr Ave,20
Lockwood Ave and Grand Ave,19
Long Ave & North Ave,19
Menard Ave & North Ave,19
Public Rack - Halsted St & 63rd St,19
Public Rack - King Dr & 115th St,19
Public Rack - Laramie Ave & Belmont Ave,19
Public Rack - Menard Ave & Dakin St - midblock,19
Public Rack - Natoma Ave & Bryn Mawr Ave,19
Public Rack - Nordica & Archer,19
Public Rack - Pulaski Rd & 65th St,19
Western Ave & 81st St,19
Bloomingdale Ave & Harlem Ave,18
Eggleston Ave & 92nd St,18
Major Ave & Bloomingdale Ave,18
Maryland Ave & 104th St,18
Princeton Ave & 95th St,18
Public Rack - Bryn Mawr Ave & Spaulding Ave,18
Public Rack - Ewing Ave & 101st St,18
Public Rack - Greenwood Ave & Lake Park Ave,18
Public Rack - Lockwood Ave & Diversey Ave,18
Public Rack - Northwest Hwy & Bryn Mawr,18
Public Rack - Western & 83rd,18
Torrence Ave & 106th St,18
Public Rack - Avondale Ave & Addison St,17
Public Rack - California Ave & Touhy Ave - NW,17
Public Rack - Kedzie Ave & Chicago Ave,17
Public Rack - Kimball & Ardmore,17
Public Rack - Langley Ave & 79th St,17
Public Rack - Lotus Ave & Lawrence Ave,17
Public Rack - Milwaukee Ave & Pensacola Ave,17
Public Rack - Peterson Ave & Milwaukee Ave,17
Public Rack - State ST & 42nd St,17
Public Rack - Western Ave & 100th St,17
Public Rack - Western Ave & 47th Pl,17
Public Rack - Western Ave & Jarvis Ave,17
Homan Ave & 65th St,16
Public Rack - Cicero Ave & Wrightwood Ave,16
Public Rack - Kenton & Lawrence,16
Public Rack - Kostner & Bryn Mawr,16
Public Rack - Leader & Caldwell,16
Public Rack - Newcastle & Archer,16
Pulaski Rd & 21st St,16
S Michigan Ave & E 118th St,16
Throop St & 52nd St,16
Wentworth Ave & 92nd St,16
Commercial Ave & 90th St,15
Martin Luther King Dr & 87th St,15
Public Rack - 56th St & Mulligan Ave,15
Public Rack - Austin Ave & Wrightwood Ave,15
Public Rack - Avenue M & 132nd St,15
Public Rack - Cicero Ave & Cortland St - midblock,15
Public Rack - Houston Ave & 131st St,15
Public Rack - Kedzie Ave & 58th St,15
Public Rack - Lowe Park,15
Eberhart Ave & 131st St,14
Homan Ave & Arthington Ave,14
Keeler Ave & Roosevelt Rd,14
Narragansett & McLean,14
Nordica & Medill,14
Public Rack - Central & Prescott,14
Public Rack - Ewing Ave & Indianapolis Ave,14
Public Rack - Garfield Park Conservatory,14
Public Rack - Kedzie Ave & 60th St,14
Public Rack - Kildare Ave & North Ave,14
Public Rack - Lawrence Ave & Kimball Ave,14
Public Rack - Peterson Park,14
Indiana Ave & 133rd St,13
Lawndale Ave & 59th St,13
Public Rack - Christiana & Lincoln,13
Public Rack - Menard Ave & Grand Ave,13
Public Rack - Overhill Ave & Touhy Ave,13
Public Rack - Peterson Ave & Drake Ave,13
Public Rack - Western Ave & 110th St,13
Public Rack - Winona St & Elston Ave,13
Kilbourn & Belden,12
Lamon Ave & 47th St,12
Mulligan Ave & Wellington Ave,12
Public Rack - 532 E 43rd St,12
Public Rack - Central Park & Bryn Mawr,12
Public Rack - Chase Ave & Touhy Ave - NE,12
Public Rack - Christiana Ave & Bryn Mawr Ave,12
Public Rack - Elston Ave & Kenneth Ave,12
Public Rack - Keystone Ave & North Ave,12
Public Rack - Laramie Ave & Grand Ave,12
Public Rack - Mont Clare Ave & Higgins Ave,12
Public Rack - Ozark Ave & Addison St,12
Public Rack - Sawyer Ave & Bryn Mawr Ave - SW,12
S Aberdeen St & W 106th St,12
State St & 123rd St,12
Ada St & 113th St,11
Ewing Ave & 97th St,11
Ewing Ave & 98th St,11
Homan Ave & 77th St,11
Public Rack - Bishop St & 46th St,11
Public Rack - Christiana Ave & Lawrence Ave,11
Public Rack - Cicero & 64th,11
Public Rack - Damen Ave & 47th St,11
Public Rack - Eli Whitney Public School,11
Public Rack - Forrestville Ave & 47th St,11
Public Rack - Halsted St & 111th St,11
Public Rack - Hamilton Ave & 95th St,11
Public Rack - Hamlin Ave & Grand Ave,11
Public Rack - Kedzie Ave & 63rd St,11
Public Rack - Kimbark Ave & 67th St,11
Public Rack - Laramie Ave & Warwick Ave,11
Public Rack - Longwood Dr & 95th St,11
Public Rack - Melvina Ave & Belmont Ave,11
Public Rack - Mobile Ave & Archer Ave,11
Public Rack - Monticello & Lawrence,11
Public Rack - Talman Ave & 51st St,11
Public Rack - Wood St & 47th St,11
Racine Ave & 65th St,11
Damen Ave & 77th St,10
La Villita Park (Albany/30th),10
Oriole Ave & Irving Park Rd,10
Plainfield & Irving Park,10
Public Rack - Central Ave & George St,10
Public Rack - Central Park & Peterson,10
Public Rack - Central Park Ave & Fillmore St,10
Public Rack - Central Park Ave & Fulton Blvd,10
Public Rack - Christiana Ave & Archer Ave,10
Public Rack - Halsted St & 76th St,10
Public Rack - Hoyne Ave & 110th Pl,10
Public Rack - Kostner Ave & Wrightwood Ave,10
Public Rack - Laramie Ave & Fullerton Ave,10
Public Rack - Milwaukee Ave & Warner Ave,10
Public Rack - Mozart Elementary School,10
Public Rack - Mulligan Ave & 56th St,10
Public Rack - Pratt Ave & Odell Ave,10
Public Rack - Touhy Ave & Oconto Ave,10
Public Rack - Wentworth Park,10
S Wentworth Ave & W 111th St,10
Sacramento Ave & Pershing Rd,10
Vincennes Ave & 79th St,10
Wentworth Ave & 104th St,10
Public Rack - 4810 Keeler Ave,9
Public Rack - Bernard St & Foster Ave,9
Public Rack - Champlain Ave & 65th St,9
Public Rack - Division St & Christiana Ave,9
Public Rack - Halsted St & 113th St,9
Public Rack - Jeffrey Blvd & 71st St,9
Public Rack - Kedvale Ave & Peterson Ave,9
Public Rack - Kedzie Ave & Archer Ave,9
Public Rack - Melvina Ave & Montrose Ave,9
Public Rack - Michele Clark Magnet High School,9
Public Rack - Michigan Ave & 107th St,9
Public Rack - Minuteman Park,9
Public Rack - Nina Ave & Avondale Ave,9
Public Rack - Northwest Hwy & Neva Ave,9
Public Rack - Oglesby Ave & 95th St,9
Public Rack - Western Ave & 106th St - East,9
Public Rack - Western Ave & 111th St - SW,9
Public Rack - Whipple St & 63rd St,9
Woodlawn & 103rd,9
Burley Ave & 91st St,8
Newcastle Ave & Irving Park Rd,8
Public Rack - Ashland Ave & 76th St,8
Public Rack - Canfield & Victoria,8
Public Rack - Cicero Ave & Altgeld St,8
Public Rack - Clyde Ave & 87th St,8
Public Rack - Eberhart Ave & 61st St,8
Public Rack - Ewing Ave & 107th St,8
Public Rack - Hamlin Ave & Madison St,8
Public Rack - Karlov Ave & Lawrence Ave,8
Public Rack - Kedzie Ave & Walnut St,8
Public Rack - Kildare Ave & Washignton Blvd,8
Public Rack - Laflin St & 51st St,8
Public Rack - Mulligan & Northwest Hwy,8
Public Rack - Narragansett Ave & Fullerton Ave,8
Public Rack - Natoma Ave & 61st St,8
Public Rack - Normal Ave & 111th St,8
Public Rack - Pulaski Rd & Lake St,8
Public Rack - South Shore Dr & 71st St,8
Western Ave & 62nd St,8
Mozart St & 79th St,7
Public Rack - Ada St & 79th St,7
Public Rack - Avenue J & 106th St,7
Public Rack - Bryn Mawr Ave & Milwaukee Ave,7
Public Rack - Cicero Ave & North Ave,7
Public Rack - Cicero Ave & Roscoe St,7
Public Rack - Emerald Ave & 43rd St,7
Public Rack - Ewing Ave & 99th St,7
Public Rack - Exchange Ave & 73rd Pl,7
Public Rack - Irving Park Rd & Austin Ave,7
Public Rack - Irving Park Rd & Parkside Ave,7
Public Rack - Justine St & 87th St,7
Public Rack - Kedvale Ave & 63rd St E,7
Public Rack - King Dr & 71st St,7
Public Rack - Komensky Ave & 63rd St,7
Public Rack - Linder Ave & Archer Ave,7
Public Rack - Maplewood Ave & 47th St,7
Public Rack - N Narragansett Ave & Grand Ave,7
Public Rack - Neenah & Archer,7
Public Rack - Neva Ave & Grand Ave,7
Public Rack - Parkside & 63rd,7
Public Rack - Sayer & Northwest Hwy,7
Public Rack - Sayre Ave & 59th St,7
Sacramento Ave & 51st St,7
South Chicago Ave & Elliot Ave,7
Glenlake Ave & Pulaski Rd,6
Kildare & Chicago Ave,6
Lexington & California Ave,6
Manistee Ave & 95th St,6
Melvina Ave & Giddings Ave,6
Michigan Ave & 108th St,6
Public Rack - Austin & Higgins,6
Public Rack - Austin Ave & Wellington Ave,6
Public Rack - Chopin Park,6
Public Rack - Emerald Ave & 45th St,6
Public Rack - Halsted St & 64th St,6
Public Rack - Harding Ave & 47th St,6
Public Rack - Hiawatha Ave & Minnehaha Ave,6
Public Rack - King Dr & Oakwood Blvd,6
Public Rack - Laflin St &51st ST,6
Public Rack - Lake Shore Dr & Hayes Dr,6
Public Rack - Lawndale Ave & Polk St,6
Public Rack - Leclaire Ave & Division St,6
Public Rack - Mackinaw Ave & 85th St,6
Public Rack - Milwaukee Ave & Sunnyside Ave,6
Public Rack - Odell & Talcott,6
Public Rack - Oketo & Talcott,6
Public Rack - Oketo Ave & Belmont Ave,6
Public Rack - Pulaski Rd & Stevens Ave,6
Public Rack - Richard Daley College,6
Public Rack - Richmond St & Thorndale Ave,6
Public Rack - Robert Fulton Elementary School,6
Public Rack - S. Kilpatrick and W. 79th,6
Public Rack - Sawyer Ave & Chicago Ave,6
Public Rack - Spaulding Ave & Foster Ave,6
Public Rack - Tripp Ave & North Ave,6
Public Rack - Western Ave & 104th St - East,6
Public Rack - Western Ave & 105th St,6
Public Rack - Wood St & 103rd St,6
Stewart Ave & 123rd St,6
Wentworth Ave & 107th St,6
Public Rack - 85th Pl & Pulaski Rd,5
Public Rack - Avenue J & 112th St,5
Public Rack - Avers & Granville,5
Public Rack - Avers Ave & Ogden Ave,5
Public Rack - Brandon Ave & 91st St,5
Public Rack - Buffalo Ave & 133rd St,5
Public Rack - Central Ave & Adams St,5
Public Rack - Elston Ave & Gunnison St,5
Public Rack - Halsted St & 80th St,5
Public Rack - Halsted St & 95th St - SW,5
Public Rack - Irving Park Rd & Melvina Ave,5
Public Rack - Kedvale Ave & 26th St,5
Public Rack - Komensky Ave & 26th St,5
Public Rack - Legler Regional Library,5
Public Rack - Lemont Ave & Keating Ave,5
Public Rack - Linder & Elston,5
Public Rack - Linder Ave & Belmont Ave,5
Public Rack - Loomis Blvd & 47th St,5
Public Rack - Menard Ave & Adams Blvd,5
Public Rack - Montrose Ave & Lavergne Ave,5
Public Rack - Morgan St & 95th St,5
Public Rack - Newcastle Ave & Belden Ave,5
Public Rack - Norwood Park,5
Public Rack - Princeton Ave & 43rd St,5
Public Rack - Pullman - Walmart,5
Public Rack - S Menard & W 63rd,5
Public Rack - Stewart Ave & 123rd St,5
Public Rack - Talman Ave & Pershing Rd,5
Public Rack - The Montessori School of Englewood,5
Public Rack - Western Ave & 118th St,5
Pulaski Rd & 60th Pl,5
Farragut Ave & Central Ave,4
Market Days Scooter Corral,4
Mayfield & Roosevelt Rd,4
Public Rack - Austin Ave & Roscoe St,4
Public Rack - Back of the Yards Park,4
Public Rack - Baltimore Ave & 133rd St,4
Public Rack - Central & Berteau,4
Public Rack - Cottage Grove Ave & 92nd St,4
Public Rack - Devon Ave & Kinzua Ave,4
Public Rack - Elizabeth St & 115th St,4
Public Rack - Francisco Ave & Touhy Ave,4
Public Rack - Halsted St & 109th St,4
Public Rack - Halsted St & 41st St,4
Public Rack - Harlem & Palatine,4
Public Rack - Harriet E Sayre Public School,4
Public Rack - Higgins Ave & Neva Ave,4
Public Rack - Homan Ave & 26th St,4
Public Rack - Homan Ave & Roosevelt,4
Public Rack - Houston Ave & 130th St,4
Public Rack - Indiana Ave & 111th St,4
Public Rack - Irving Park Rd & Menard Ave,4
Public Rack - Karlov Ave & 26th St,4
Public Rack - Kedzie & 103rd St - W,4
Public Rack - Kedzie Ave & 54th St - SW,4
Public Rack - Kedzie Ave & 61st Pl E,4
Public Rack - Kedzie Ave & 64th St - SE,4
Public Rack - Keeler Ave & Madison St S,4
Public Rack - Kostner Ave & Lake St,4
Public Rack - Kostner Ave & North Ave,4
Public Rack - Leoti Ave & Central Ave (south),4
Public Rack - Lorel Ave & Chicago Ave,4
Public Rack - Maplewood Ave & 63rd St,4
Public Rack - Marshfield Ave & 45th St,4
Public Rack - Michigan Ave & 96th St,4
Public Rack - Milwaukee Ave & Waveland Ave,4
Public Rack - Mt Greenwood Library - South,4
Public Rack - Newcastle Ave & Wellington Ave,4
Public Rack - Normal Ave & 72nd St,4
Public Rack - Normandy Ave & Archer Ave,4
Public Rack - Oak Park Ave & Foster Ave,4
Public Rack - Paxton Ave & 79th St,4
Public Rack - Piotrowski Park,4
Public Rack - Pulaski & Ardmore,4
Public Rack - Pulaski Rd & 15th St,4
Public Rack - Pulaski Rd & 51st Rd,4
"Public Rack - Senka ""Edward Duke"" Park",4
Public Rack - Stony Island & 87th St,4
Public Rack - Wentworth Ave & 103rd St,4
Shields Ave & 57th St,4
State St & 111th St,4
Vincennes Ave & 107th St,4
Vincennes Ave & 95th St,4
Halsted St & 93rd St,3
Lavergne Ave & 44th St,3
Menard Ave & Division St,3
Michigan Ave & 113th St,3
Public Rack - 2302 S Pulaski Rd,3
Public Rack - Abbott Park,3
Public Rack - Archer Park,3
Public Rack - Ashland Ave & 45th St,3
Public Rack - Ashland Ave & 45th St  S,3
Public Rack - Ashland Ave & 63rd St,3
Public Rack - Ave N & 106th St,3
Public Rack - Avenue J & 102nd St,3
Public Rack - Avers Ave & Archer Ave,3
Public Rack - Brainerd Park,3
Public Rack - California Ave & Touhy Ave - SW,3
Public Rack - Calumet Ave & 71st St,3
Public Rack - Canty Elementary School,3
Public Rack - Central Ave & Corcoran Pl,3
Public Rack - Central Park Ave & Ogden Ave,3
Public Rack - Chappel Ave & 71st St,3
Public Rack - Cicero & Rosemont,3
Public Rack - Cicero Ave & Wellington Ave,3
Public Rack - Colfax Ave & 83rd St,3
Public Rack - Commercial Ave & 89th St,3
Public Rack - Crandon Ave & 80th St,3
Public Rack - Damen & 87th,3
Public Rack - Devon Ave & Central Ave,3
Public Rack - Devon Ave & Minnehaha Ave (east),3
Public Rack - Ewing Ave & 106th St,3
Public Rack - Grand Ave & North Ave,3
Public Rack - Halsted St & 102nd St,3
Public Rack - Harvey Ave & North Ave,3
Public Rack - Homan Ave & 62nd Pl,3
Public Rack - Homan Ave & Lake St,3
Public Rack - Houston Ave & 91st St,3
Public Rack - Hoyne Ave & 51st St,3
Public Rack - Independence Blvd & Roosevelt,3
Public Rack - Jeffery Blvd & 83rd St,3
Public Rack - Kedvale Ave & Avondale Ave,3
Public Rack - Kedzie & 103rd St - East,3
Public Rack - Kedzie Ave & 54th St - SE,3
Public Rack - Kedzie Ave & 62nd Pl,3
Public Rack - Kedzie Ave & 64th St - SW,3
Public Rack - Kenneth Ave & 63rd St W,3
Public Rack - Kingston Ave & 75th St,3
Public Rack - Kolin Ave & Archer Ave,3
Public Rack - Leoti Ave & Central Ave (north),3
Public Rack - Linder & 51st,3
Public Rack - Lorel Ave & Grand Ave,3
Public Rack - Marquette Ave & 83rd St,3
Public Rack - Marshfield Ave & 87th St,3
Public Rack - Mason Ave & Archer Ave,3
Public Rack - Mason Ave & Milwaukee Ave,3
Public Rack - McVicker & 52nd,3
Public Rack - Meade Ave & Archer Ave,3
Public Rack - Menard Ave & Agusta Blvd,3
Public Rack - Michigan Ave & 119th St,3
Public Rack - Minnehaha Ave & Devon Ave,3
Public Rack - Morgan St & 87th St,3
Public Rack - Neola & Northwest Hwy,3
Public Rack - Neva & Foster,3
Public Rack - Nordica Ave & Addison St,3
Public Rack - Oak Park & Higgins,3
Public Rack - Parkside & Elston,3
Public Rack - Perry Ave & 111th St,3
Public Rack - Peterson Ave & Bernard Ave,3
Public Rack - Pulaski Rd & Roosevelt Rd,3
Public Rack - Pullman - Planet Fitness,3
Public Rack - Racine Ave & 83rd St,3
Public Rack - Rutherford & 53rd,3
Public Rack - Rutherford Ave & Belmont Ave,3
Public Rack - S Kostner Ave & W 18th Pl,3
Public Rack - South Shore High School,3
Public Rack - State St & 47th st,3
Public Rack - Stony Is Ave & 73rd St,3
Public Rack - Throop St & 48t ST,3
Public Rack - Troy & 111th St,3
Public Rack - Vincennes Ave & 77th St,3
Public Rack - Western Ave & 107th Pl,3
Public Rack - Western Ave & 111th St - SE,3
Public Rack - Western Blvd & 52nd St,3
Public Rack - Western Blvd & 53rd St,3
Public Rack - William J Onahan Public School,3
Public Rack - Yates Ave & 100th St,3
Public Rack - Yates Blvd & Exchange Ave,3
Throop St & 99th St,3
Aberdeen St & 103rd St,2
Halsted St & 83rd St,2
Loomis St & 95th St,2
Lynch Ave & Elston Ave,2
Menard Ave & Milwaukee Ave,2
Narragansett Ave & North Ave,2
Public Rack - 10557 S Western Ave,2
Public Rack - 63rd & Western Ave N,2
Public Rack - 63rd & Western Ave S,2
Public Rack - Aida Food Market,2
Public Rack - Al Raby School,2
Public Rack - Albany Ave & 111th St - NW,2
Public Rack - Albany Ave & 63rd St,2
Public Rack - Ashland Ave & 46th St,2
Public Rack - Ashland Ave & 71st St,2
Public Rack - Ashland Ave & 74th St,2
Public Rack - Austin & 62nd,2
Public Rack - Austin Ave & Archer Ave,2
Public Rack - Austin Branch Chicago Public Library,2
Public Rack - Baltimore Ave & 132nd St,2
Public Rack - Bell Ave & 95th St,2
Public Rack - Brighton Park Branch Chicago Library,2
Public Rack - Brooks Park,2
Public Rack - California Ave & Touhy Ave - midblock,2
Public Rack - Calumet Ave & 103rd St,2
Public Rack - Calumet Ave & Garfield Blvd,2
Public Rack - Central Ave & Congress Pkwy,2
Public Rack - Central Ave & North Ave,2
Public Rack - Central Park Ave & 16th St,2
Public Rack - Chase Ave & Touhy Ave - NW,2
Public Rack - Cicero Ave & Le Moyne St - midblock,2
Public Rack - Cottage Grove & 84th St,2
Public Rack - Cottage Grove Ave & 111th St,2
Public Rack - Cottage Grove Ave & 75th St,2
Public Rack - Cottage Grove Ave & 98th St,2
Public Rack - Devon Ave & Minnehaha Ave (west),2
Public Rack - Ewing Ave & 105th St,2
Public Rack - Ford City Mall,2
Public Rack - Foster Ave & Drake Ave,2
Public Rack - Franklin Park,2
Public Rack - Fullerton Ave & Lavergne Ave,2
Public Rack - Green St & 103rd St,2
Public Rack - Hale Ave & 111th St,2
Public Rack - Halsted St & 77th St,2
Public Rack - Hamlin Ave & Chicago Ave,2
Public Rack - Harlem and W. 59th,2
Public Rack - Harvard Ave & 103rd St,2
Public Rack - Hermitage & 83rd St,2
Public Rack - Kedvale Ave & Addison St,2
Public Rack - Kedzie Ave & 61st Pl W,2
Public Rack - Kedzie Ave & Pershing Rd,2
Public Rack - Kenneth Ave & 63rd St E,2
Public Rack - Kildare Ave & 63rd St,2
Public Rack - Kildare Ave & Division Ave,2
Public Rack - Kostner Ave & 16th St,2
Public Rack - La Moyne Ave and Leamington Ave,2
Public Rack - Laflin St & 79th St,2
Public Rack - Lake Park Ave & 44th St,2
Public Rack - Lake Park Ave & 47th St,2
Public Rack - Lamon Ave & Archer Ave,2
Public Rack - Latrobe Ave & Lake St,2
Public Rack - Lawndale Ave & Roosevelt,2
Public Rack - Leland Ave & Melvina Ave,2
Public Rack - Linder Ave & 51st St,2
Public Rack - Linder Ave & 64th Pl,2
Public Rack - Lotus Ave & Harrison St,2
Public Rack - Marquette Ave & 79th St,2
Public Rack - Mason & Archer,2
Public Rack - Mason Ave & Roosevelt Rd,2
Public Rack - May St & 78th St,2
Public Rack - May St & 87th St,2
Public Rack - McCormick Blvd & Devon Ave,2
Public Rack - McVicker Ave & Grand Ave,2
Public Rack - Menard Ave & Madison St,2
Public Rack - Miami Ave & Milwaukee Ave,2
Public Rack - Michigan Ave & 102nd St,2
Public Rack - Michigan Ave & 67th St,2
Public Rack - Muskegon Ave & 89th St,2
Public Rack - Neenah & Dakin,2
Public Rack - Newland Ave & Diversey Ave,2
Public Rack - Normal Blvd & 61st Pl,2
Public Rack - Northwest Hwy & Highland Ave,2
Public Rack - Oakley Ave & 50th Pl,2
Public Rack - Oketo & Northwest Hwy,2
Public Rack - Osceola Ave & Touhy Ave,2
Public Rack - Ottowa Ave & Touhy Ave,2
Public Rack - Ozanam Ave & Devon Ave,2
Public Rack - Parnell Ave & 103rd St,2
Public Rack - Parnell Ave & 98th St,2
Public Rack - Paul Revere Elementary School,2
Public Rack - Pittsburgh Ave & Irving Park,2
Public Rack - Plainfield Ave & Irving Park Rd,2
Public Rack - Prairie Ave & 78th St,2
Public Rack - Princeton Ave & 103rd Pl,2
Public Rack - Pulaski & 52nd,2
Public Rack - Pulaski Rd & 40th St,2
Public Rack - Pulaski Rd & 5th Ave,2
Public Rack - Pulaski Rd & Grenshaw St,2
Public Rack - Pulaski Rd & Lexington St,2
Public Rack - Pulaski Rd & Polk St,2
Public Rack - Sacramento Ave & Greenleaf Ave,2
Public Rack - Sangamon St & 79th St,2
Public Rack - Sangamon St & 87th St,2
Public Rack - Spencer Elementary Technology Academy,2
Public Rack - St Louis Ave & Flournoy St,2
Public Rack - Torrence Ave & 98th St,2
Public Rack - Vincennes Ave & 87th St,2
Public Rack - Vincennes Ave & 95th Pl,2
Public Rack - W. Talcott & N. Oriole,2
Public Rack - Walden Pkwy & 99th St,2
Public Rack - Washtenaw Ave & 63rd St,2
Public Rack - Western Ave & 104th St - West,2
Public Rack - Western Ave & 106th St - West,2
Public Rack - Western Ave & 107th St,2
Public Rack - Western Ave & 111th St - NW,2
Public Rack - Western Ave & 116th St,2
Public Rack - Western Ave & 62nd St,2
Public Rack - Wilbur Wright College North,2
Public Rack - Wolcott Ave & 56th St,2
Public Rack - Zapata Academy,2
Western Ave & 101st St,2
Ada St & 113th Place,1
Eggleston Ave & 115th St,1
Halsted St & 123rd St,1
NEW HASTINGS,1
Oketo Ave & Addison,1
Parnell Ave & 127th St,1
Public Rack - 10101 S Stony Island Ave,1
Public Rack - 61st St & Melvina Ave,1
Public Rack - 63rd St and Nagle Ave,1
Public Rack - Ada St & 117th St,1
Public Rack - Ada St & 119th St,1
Public Rack - Ada St & 95th St,1
Public Rack - Albany Ave & 103rd St,1
Public Rack - Artesian & 71st,1
Public Rack - Ashland Ave & 73rd St,1
Public Rack - Ashland Ave & 83rd St,1
Public Rack - Ave L & 105th St,1
Public Rack - Baker Ave & 863rd Pl,1
Public Rack - Bensley Ave & 103rd St,1
Public Rack - Bishop St & 81st St,1
Public Rack - Buffalo Ave & 89th St,1
Public Rack - California Ave & Pershing Rd,1
Public Rack - Calumet Ave & 133rd St,1
Public Rack - Christiana Ave & 111th St,1
Public Rack - Christiana Ave & 55th St,1
Public Rack - Corliss Ave & 103rd St,1
Public Rack - Cornell Ave & 87th Pl,1
Public Rack - Cottage Grove Ave & 87th St,1
Public Rack - Cottage Grove Ave & 89th Pl,1
Public Rack - Damen & 81st,1
Public Rack - Damen Ave & 80th St,1
Public Rack - Damen Ave & 84th St,1
Public Rack - East End Ave & 75th St,1
Public Rack - East End Ave & 87th St,1
Public Rack - Eggleston Ave & 114th St,1
Public Rack - Eggleston Ave & 115th St,1
Public Rack - Eggleston Ave & 92nd St,1
Public Rack - Ellis Ave & 132nd Pl,1
Public Rack - Ewing Ave & 112th St,1
Public Rack - Ewing Ave & 95th St,1
Public Rack - Ewing Ave & 96th St N,1
Public Rack - Fairfield Ave & 63rd St,1
Public Rack - Grand Ave & Lawndale Ave,1
Public Rack - Halsted St & 94th St,1
Public Rack - Hamilton Park,1
Public Rack - Harlem & Summerdale,1
Public Rack - Harvard Ave & 119th St,1
Public Rack - Hiawatha Park,1
Public Rack - Homan & 79th,1
Public Rack - Homan Ave & 111th St,1
Public Rack - Homewood Ave & Monterey Ave,1
Public Rack - Honore St & 87th St,1
Public Rack - Honore St & 87th St - SE,1
Public Rack - Horner & 85th,1
Public Rack - Ingleside Ave & 79th St,1
Public Rack - James Madison School,1
Public Rack - Jeffery Blvd & 81st St,1
Public Rack - Kedzie Ave & 54th Pl,1
Public Rack - Kedzie Ave & 83rd St,1
Public Rack - Kedzie Ave & Arthington St,1
Public Rack - Keef Ave & South Chicago Ave,1
Public Rack - Keeler Ave & 26th St,1
Public Rack - Keeler Ave & 55th St,1
Public Rack - Kilbourn Ave & Fullerton Ave,1
Public Rack - Lafayette Ave & 119th St,1
Public Rack - Lafayette Ave & 87th St - NW,1
Public Rack - Lafayette Ave & 87th St SW,1
Public Rack - Lamon Ave & Erie St,1
Public Rack - Laporte Ave & Armitage Ave,1
Public Rack - Lawndale & 63rd St,1
Public Rack - Lawrence Ave & 103rd St,1
Public Rack - Longwood Dr & 111th St,1
Public Rack - Loomis Blvd & 83rd St,1
Public Rack - Loomis St & 87th St,1
Public Rack - Lowe Ave & 119th St,1
Public Rack - Lowe Ave & 94th St,1
Public Rack - Lowe Ave & 98th St,1
Public Rack - Mackinaw Ave & 106th St,1
Public Rack - Mackinaw Ave & 108th St,1
Public Rack - Martin Luther King Dr & 69th St,1
Public Rack - May St & 63rd St,1
Public Rack - Michigan Ave & 110th St,1
Public Rack - Michigan Ave & 125th Pl,1
Public Rack - Morgan St & 103rd St,1
Public Rack - Mt Greenwood Library N,1
Public Rack - N Sayre Ave & W Belden Ave,1
Public Rack - New England Ave & Grace St,1
Public Rack - Newcastle Ave & Belmont Ave,1
Public Rack - Nordica Ave & Higgins Ave,1
Public Rack - Normandy Ave & Raven St,1
Public Rack - Northwest Hwy & Raven St,1
Public Rack - Octavia Ave & Touhy Ave,1
Public Rack - Oglesby Ave & 105th St,1
Public Rack - Oleander Ave & Addison St,1
Public Rack - Orville T Bright School,1
Public Rack - Ozman & Talcott,1
Public Rack - Panama Ave & Forest Preserve Ave,1
Public Rack - Parnell Ave & 119th St,1
Public Rack - Peoria St & 60th St,1
Public Rack - Percy Julian HS,1
Public Rack - Perry Ave & 108th Pl,1
Public Rack - Prairie Ave & 85th St,1
Public Rack - Princeton Ave & 99th Pl,1
Public Rack - Pulaski Rd & 41st,1
Public Rack - Pulaski Rd & 83rd St,1
Public Rack - Pulaski Rd & Flournoy St,1
Public Rack - Pullman - Ross Dress for Less,1
Public Rack - Pullman Community Center,1
Public Rack - Racine Ave & 76th,1
Public Rack - Rockwell & 111th St,1
Public Rack - Roscoe St & Osceola Ave,1
Public Rack - Roswell B. Mason Elementary School,1
Public Rack - S. New England/ W. 65th,1
Public Rack - Sacramento & 71st,1
Public Rack - Sacramento Blvd & Washington Blvd,1
Public Rack - Saginaw Ave & 93rd St,1
Public Rack - Sawyer Ave & 111th St,1
Public Rack - Springfield Ave & 63rd St,1
Public Rack - St Louis & 83rd,1
Public Rack - Stony Island & 95th St,1
Public Rack - Stony Island Ave & 86th St,1
Public Rack - Torrence Ave  & 106th St,1
Public Rack - Torrence Ave & 103rd St,1
Public Rack - Trumbull Ave & 111th St,1
Public Rack - Tuley (Murray) Park,1
Public Rack - Union Ave & 111th St,1
Public Rack - Vincennes Ave & 91st St,1
Public Rack - Vincennes Ave & 95th St,1
Public Rack - Vincennes Ave & 99th St,1
Public Rack - Wallace St & 112 St,1
Public Rack - Wallace St & 119th St,1
Public Rack - Waller Ave & Chicago Ave,1
Public Rack - William Rainey Harper High School,1
Public Rack - Winchester Ave & 87th St,1
Public Rack - Yale Ave & 119th St,1
Racine Ave & 115th St,1
Spaulding Ave & 16th,1
Spaulding Ave & 63rd St,1
